5.0,3.0,6.0,0.8,0.6,1,2,0,2,0,0,3.4913636363636367,115.0,0.4,0,0.8,0.5
6.0,3.0,6.0,0.8,0.6,1,2,0,1,0,0,3.4591363636363637,115.4,0.4,0,0.8,0.5
7.0,3.0,6.0,0.8,0.6,2,3,0,1,0,0,3.5302272727272723,113.6,0.4,0,1.2,0.3333333333333333
8.0,3.0,6.0,0.6,0.6,2,3,0,0,0,0,3.390333333333333,110.6,0.4,0,1.2,0.3333333333333333
9.0,3.0,6.0,0.6,0.6,2,2,0,0,1.0,0,3.5971666666666664,110.2,0.4,0,1.2,0.0
10.0,3.0,6.0,0.6,0.6,1,1,0,0,1.0,0,3.878863636363637,109.8,0.4,0,0.8,0.0
11.0,3.0,5.0,0.75,0.6,1,1,0,0,1.0,0,4.087095238095238,112.8,0.5,1.0,0.75,0.0
12.0,3.0,5.0,0.6666666666666666,0.6,0,0,0,0,1.0,0,4.1148333333333325,117.0,0.3333333333333333,1.0,0.3333333333333333,0
13.0,3.0,5.0,1.0,0.8,0,0,0,0,1.0,0,4.875727272727272,120.0,0.5,1.0,0.5,0
14.0,3.0,5.0,1.0,0.6,0,0,0,0,0,0,4.635777777777778,120.0,0.0,0.75,0.0,0
15.0,3.0,5.0,0,0.4,0,0,0,0,0,0,4.686285714285715,124.0,0,0.6,0,0
16.0,3.0,5.0,0,0.6,0,0,0,0,0,0,4.3415333333333335,121.0,0,0.6,0,0
17.0,3.0,5.0,0,0.4,0,0,0,0,0,0,4.218666666666667,119.8,0,0.4,0,0
18.0,3.0,5.0,0,0.2,0,0,0,0,0,0,3.6186363636363637,119.0,0,0.2,0,0
19.0,3.0,5.0,1.0,0.4,1,1,0,0,0,0,3.337444444444445,118.6,1.0,0.25,2.0,0.0
20.0,3.0,5.0,1.0,0.6,1,1,0,0,0,0,3.4404615384615385,118.0,1.0,0.3333333333333333,2.0,0.0
21.0,3.0,5.0,1.0,0.4,1,1,0,0,0,0,3.593384615384615,121.4,0.6666666666666666,0.0,1.6666666666666667,0.0
22.0,3.0,5.0,1.0,0.6,1,1,0,0,0,0,3.982619047619048,122.0,0.5,0.0,1.25,0.0
23.0,3.0,5.0,0.8,0.8,1,1,0,0,0,0,3.8012105263157885,119.4,0.4,0,1.2,0.0
24.0,3.0,4.0,0.75,0.6,0,0,0,1,0,0,3.996428571428572,115.6,0.25,0.0,1.0,0
25.0,3.0,4.0,0.6666666666666666,0.4,0,0,0,1,0,0,4.2506315789473685,112.4,0.0,0.0,0.6666666666666666,0
26.0,3.0,4.0,0.5,0.4,0,0,0,1,0,0,4.132055555555556,114.6,0.0,0.0,0.5,0
27.0,3.0,4.0,0.0,0.2,0,0,0,1,0,0,4.353166666666667,114.4,0.0,0.0,1.0,0
28.0,3.0,4.0,1.0,0.2,0,1,0,1,0,0,3.9880000000000004,117.0,1.0,0.0,2.0,1.0
29.0,3.0,4.0,1.0,0.4,0,1,0,0,0,0,3.963714285714286,121.4,0.5,0.0,2.0,1.0
30.0,3.0,4.0,1.0,0.6,0,1,0,0,1.0,0,3.752928571428572,121.2,0.3333333333333333,0.0,1.6666666666666667,1.0
31.0,3.0,4.0,0.75,0.6,0,1,0,1,1.0,0,3.8164666666666665,118.8,0.25,0.0,1.5,1.0
32.0,3.0,4.0,0.6,0.6,0,1,0,1,1.0,0,3.267,114.4,0.2,0,1.4,1.0
33.0,3.0,4.0,0.6,0.4,0,0,0,2,1.0,0,3.5677272727272733,113.4,0.2,0,1.0,0
34.0,3.0,4.0,0.4,0.4,0,0,0,2,1.0,0,4.3828000000000005,107.0,0.4,0,1.0,0
35.0,3.0,4.0,0.4,0.4,0,0,0,2,1.0,0,4.660923076923077,107.8,0.4,0,1.2,0
36.0,3.0,3.0,0.5,0.4,0,0,0,1,1.0,0,5.232666666666667,107.2,0.5,0.0,1.25,0
37.0,3.0,3.0,0.6666666666666666,0.6,0,0,0,1,1.0,0,5.2105,104.4,0.6666666666666666,0.0,1.3333333333333333,0
38.0,3.0,3.0,0.5,0.6,0,0,0,0,1.0,0,5.4216,107.2,0.5,0.3333333333333333,2.0,0
39.0,3.0,3.0,1.0,0.4,0,0,0,0,1.0,0,4.838181818181818,113.2,0.0,0.25,2.0,0
40.0,3.0,3.0,0,0.2,0,0,0,0,0,0,4.676272727272727,112.6,0,0.2,0,0
41.0,3.0,3.0,0.0,0.4,0,1,0,0,0,0,4.098052631578947,112.0,0.0,0.25,1.0,1.0
42.0,3.0,3.0,0.5,0.4,0,1,0,0,0,0,3.6650624999999994,118.0,0.0,0.3333333333333333,1.5,1.0
43.0,3.0,3.0,0.6666666666666666,0.6,0,2,0,0,0,0,3.2279444444444443,116.0,0.3333333333333333,0.0,1.6666666666666667,1.0
44.0,3.0,3.0,0.5,0.6,0,2,0,0,0,0,3.1956956521739133,111.4,0.25,0.0,1.5,1.0
45.0,3.0,3.0,0.4,0.8,0,2,0,0,0,0,3.7105555555555556,109.4,0.2,0,1.2,1.0
46.0,3.0,2.0,0.5,0.6,0,1,0,0,0,0,3.7805789473684213,114.4,0.25,1.0,1.25,1.0
47.0,3.0,2.0,0.3333333333333333,0.6,0,1,0,0,0,0,3.9305,90.4,0.3333333333333333,0.5,1.0,1.0
48.0,3.0,2.0,0.0,0.4,0,0,0,0,0,0,4.1455714285714285,93.4,0.0,0.3333333333333333,0.5,0
49.0,3.0,2.0,0.0,0.6,0,0,0,0,0,0,4.128571428571428,92.8,0.0,0.5,0.0,0
50.0,3.0,2.0,0,0.6,0,1,0,0,0,0,3.5141600000000004,93.8,0,0.6,0,1.0
51.0,3.0,2.0,0,0.8,0,1,0,0,0,1.0,3.7217333333333333,88.6,0,0.4,0,1.0
52.0,3.0,1.0,1.0,0.8,0,1,0,0,0,1.0,3.679483870967742,111.6,0.0,0.5,1.0,1.0
53.0,3.0,1.0,0.5,0.8,0,1,0,0,0,1.0,3.6926562499999998,105.6,0.0,0.6666666666666666,1.0,1.0
54.0,3.0,1.0,0.6666666666666666,0.8,0,1,0,0,0,1.0,3.8723703703703705,109.8,0.0,0.5,1.0,1.0
55.0,3.0,1.0,0.75,0.6,0,0,0,0,0.0,1.0,3.6284666666666667,111.6,0.0,0.0,1.25,0
56.0,3.0,1.0,0.8,0.6,0,0,0,0,0.5,0,3.0075000000000003,116.2,0.0,0,1.4,0
57.0,3.0,1.0,0.8,0.4,0,0,0,1,0.3333333333333333,0,3.234461538461538,115.8,0.0,0,1.4,0
58.0,3.0,1.0,1.0,0.6,0,0,0,1,0.3333333333333333,0,3.7748888888888894,118.6,0.0,0,1.4,0
59.0,3.0,1.0,0.8,0.4,0,0,0,1,0.3333333333333333,0,3.8207142857142857,111.8,0.0,0,1.4,0
60.0,3.0,1.0,0.8,0.4,0,0,0,1,0.5,0,3.933173913043478,113.4,0.0,0,1.2,0
61.0,3.0,1.0,0.8,0.4,0,1,0,1,0.0,0,3.6232592592592594,111.8,0.0,0,1.0,1.0
62.0,3.0,1.0,0.8,0.6,0,1,0,0,0,0,3.4860769230769226,115.2,0.0,0,1.2,1.0
63.0,3.0,1.0,0.8,0.6,0,1,0,0,1.0,0,3.4455454545454542,118.8,0.0,0,1.2,1.0
64.0,2.0,6.0,1.0,0.6,0,1,0,0,1.0,0,3.2057368421052628,125.8,0.0,0.0,1.25,1.0
65.0,2.0,6.0,1.0,0.6,0,1,0,0,1.0,0,2.8516428571428567,124.6,0.0,0.0,1.3333333333333333,1.0
66.0,2.0,6.0,1.0,0.4,0,0,0,0,1.0,0,3.1046250000000004,125.0,0.0,0.0,1.5,0
67.0,2.0,6.0,1.0,0.2,0,0,0,0,1.0,0,4.00725,123.4,0.0,0.0,1.0,0
68.0,2.0,6.0,1.0,0.2,1,1,0,0,0,0,2.7155,122.4,0.0,0.0,2.0,0.0
69.0,2.0,6.0,0.5,0.4,1,1,0,0,0,0,2.9043333333333337,118.2,0.0,0.0,1.5,0.0
70.0,2.0,6.0,0.3333333333333333,0.4,1,1,0,0,0,0,2.834857142857143,117.0,0.0,0.0,1.3333333333333333,0.0
71.0,2.0,6.0,0.5,0.4,1,1,0,1,0,0,2.8724999999999996,116.0,0.0,0.0,1.25,0.0
72.0,2.0,6.0,0.6,0.6,2,2,0,1,0,0,2.399944444444444,116.8,0.0,0,1.4,0.0
73.0,2.0,6.0,0.4,0.4,1,1,0,2,0,0,2.8445263157894733,110.8,0.2,0,1.4,0.0
74.0,2.0,6.0,0.4,0.2,1,1,0,3,0,0,2.9393,111.4,0.2,0,1.4,0.0
75.0,2.0,6.0,0.6,0.2,1,1,0,3,0,0,3.1853499999999997,115.0,0.2,0,1.2,0.0
76.0,2.0,6.0,0.5,0.2,1,1,0,2,0,0,4.039111111111111,116.6,0.25,1.0,1.25,0.0
77.0,2.0,6.0,0.3333333333333333,0.0,0,0,0,2,0,0,5.026666666666667,117.0,0.3333333333333333,0.5,1.0,0
78.0,2.0,6.0,0.5,0.0,0,0,0,1,0,0,4.4354,119.2,0.0,0.6666666666666666,0.5,0
79.0,2.0,6.0,1.0,0.0,0,0,0,1,0,0,4.660266666666667,118.4,0.0,0.75,0.0,0
80.0,2.0,6.0,0.0,0.0,0,0,0,1,0,0,5.069260869565217,113.8,0.0,0.75,0.0,0
81.0,2.0,6.0,0.5,0.2,0,0,0,1,0,0,4.977434782608696,110.8,0.0,0.6666666666666666,1.0,0
82.0,2.0,6.0,0.6666666666666666,0.4,1,1,0,1,0,0,4.588260869565217,107.2,0.3333333333333333,1.0,1.3333333333333333,0.0
83.0,2.0,6.0,0.75,0.4,1,1,0,1,0,0,5.4495000000000005,109.4,0.5,1.0,1.5,0.0
84.0,2.0,6.0,0.6,0.4,1,1,0,0,0,0,5.30076,108.2,0.4,0,1.6,0.0
85.0,2.0,6.0,0.6,0.6,1,1,0,0,0,0,4.8341111111111115,106.0,0.4,0,1.6,0.0
86.0,2.0,6.0,0.6,0.6,1,1,0,0,0,0,4.76535,104.2,0.6,0,1.4,0.0
87.0,2.0,6.0,0.4,0.6,0,0,0,0,0,0,4.709533333333334,106.2,0.4,0,1.0,0
88.0,2.0,5.0,0.25,0.6,0,0,0,0,0,0,4.245962962962963,105.0,0.25,1.0,0.75,0
89.0,2.0,5.0,0.3333333333333333,0.6,0,0,0,0,0,0,4.705708333333333,111.6,0.3333333333333333,1.0,0.3333333333333333,0
90.0,2.0,5.0,0.5,0.6,0,1,0,0,0,0,4.666111111111111,114.8,0.5,0.6666666666666666,0.5,1.0
91.0,2.0,5.0,0.0,0.6,0,1,0,0,0,0,4.6365,120.6,0.0,0.75,0.0,1.0
92.0,2.0,5.0,0,0.6,0,1,0,0,0,0,4.563129032258065,123.4,0,0.8,0,1.0
93.0,2.0,5.0,0,0.6,0,1,0,0,0,0.0,4.5497096774193535,125.4,0,0.6,0,1.0
94.0,2.0,5.0,0,0.8,0,1,0,0,0,0.0,4.241775,121.2,0,0.4,0,1.0
95.0,2.0,5.0,0,0.6,0,0,0,0,0,0.0,4.707162162162162,122.6,0,0.4,0,0
96.0,2.0,5.0,0,0.4,0,0,0,0,0,0.0,4.7895666666666665,122.6,0,0.2,0,0
97.0,2.0,5.0,0,0.2,0,0,0,0,0,0.0,4.979480000000001,121.6,0,0.0,0,0
98.0,2.0,5.0,0.0,0.2,0,0,0,0,0,0.0,4.5486818181818185,120.0,0.0,0.0,2.0,0
99.0,2.0,5.0,0.5,0.2,0,0,0,0,0,0.0,4.991076923076923,120.4,0.0,0.0,2.0,0
100.0,2.0,5.0,0.3333333333333333,0.2,0,0,0,1,0,0,3.6275,115.0,0.0,0.0,2.0,0
101.0,2.0,5.0,0.5,0.4,0,0,0,1,0,0,3.3245833333333334,114.0,0.0,0.0,2.0,0
102.0,2.0,5.0,0.6,0.6,0,0,0,1,0,0,3.9522500000000003,109.8,0.0,0,1.6,0
103.0,2.0,5.0,0.8,0.6,0,0,0,1,0,0,3.4144375,106.2,0.0,0,1.6,0
104.0,2.0,5.0,0.8,0.6,0,1,0,1,1.0,0,3.199444444444444,109.8,0.0,0,1.6,1.0
105.0,2.0,5.0,0.8,0.8,0,2,0,0,1.0,0,3.101941176470588,115.8,0.0,0,1.6,0.5
106.0,2.0,4.0,0.75,0.8,0,2,0,0,1.0,0,3.40055,114.2,0.0,1.0,1.5,0.5
107.0,2.0,4.0,0.6666666666666666,0.6,0,2,0,1,1.0,0,3.319818181818181,118.2,0.0,1.0,2.0,0.5
108.0,2.0,4.0,0.5,0.6,0,2,0,2,1.0,0,3.8738666666666663,125.2,0.0,1.0,2.0,0.5
109.0,2.0,4.0,0.0,0.4,0,1,0,2,0,0,4.237333333333334,124.8,0.0,0.75,2.0,0.0
110.0,2.0,4.0,0,0.4,0,0,0,2,0,0,6.44425,122.2,0,0.6,0,0
111.0,2.0,4.0,0,0.4,0,0,0,2,0,0,6.766450000000001,118.2,0,0.4,0,0
112.0,2.0,4.0,0,0.6,0,0,0,1,0,0,6.043760000000001,115.6,0,0.4,0,0
113.0,2.0,4.0,0,0.6,0,0,0,0,0,0.0,6.43817391304348,113.2,0,0.2,0,0
114.0,2.0,4.0,0,0.6,0,0,0,0,0,0.0,6.2032592592592595,114.2,0,0.4,0,0
115.0,2.0,4.0,0,0.6,0,0,0,0,0,0.0,4.908655172413793,117.4,0,0.6,0,0
116.0,2.0,4.0,0,0.6,0,0,0,0,0,0.0,4.381814814814815,120.4,0,0.6,0,0
117.0,2.0,4.0,0,0.6,0,0,0,0,0,0.5,4.5238571428571435,123.4,0,0.4,0,0
118.0,2.0,3.0,1.0,0.8,0,0,0,0,0,1.0,4.093,121.2,1.0,0.5,2.0,0
119.0,2.0,3.0,0.5,1.0,0,0,0,0,0,1.0,3.771533333333333,113.4,0.5,0.3333333333333333,1.5,0
120.0,2.0,3.0,0.3333333333333333,1.0,0,0,0,0,0,1.0,3.613857142857143,108.6,0.3333333333333333,0.0,1.0,0
121.0,2.0,3.0,0.5,1.0,0,1,0,0,0,1.0,3.0824545454545453,108.6,0.5,0.0,1.25,1.0
122.0,2.0,2.0,0.5,1.0,0,1,0,0,0,0,2.9735454545454547,108.6,0.5,1.0,1.25,1.0
123.0,2.0,2.0,0.3333333333333333,0.8,0,1,0,0,0,0,2.897090909090909,111.8,0.3333333333333333,0.5,1.0,1.0
124.0,2.0,2.0,0.5,0.6,0,1,0,0,0,0,2.9807272727272722,114.8,0.5,0.3333333333333333,1.0,1.0
125.0,2.0,2.0,1.0,0.4,0,1,0,0,0,0,3.481888888888889,119.4,1.0,0.5,2.0,1.0
126.0,2.0,2.0,0,0.2,0,0,0,0,0,0,5.8164444444444445,122.0,0,0.6,0,0
127.0,2.0,3.0,1.0,0.2,0,0,0,0,0,0,6.153625,121.4,0.0,0.5,2.0,0
128.0,2.0,3.0,0.5,0.2,0,0,0,0,0,0,5.070076923076924,120.2,0.0,0.6666666666666666,1.5,0
129.0,2.0,3.0,0.3333333333333333,0.4,0,0,0,0,0,0,4.974153846153845,117.2,0.0,1.0,1.6666666666666667,0
130.0,2.0,3.0,0.5,0.6,0,0,0,0,0,0,4.693315789473684,115.6,0.0,1.0,1.5,0
131.0,2.0,3.0,0.6,0.6,0,0,0,0,0,0,3.7935,113.2,0.0,0,1.4,0
132.0,2.0,3.0,0.6,0.6,0,0,0,0,0,0,3.7139545454545453,111.6,0.0,0,1.4,0
133.0,2.0,2.0,0.75,0.6,0,0,0,0,0,0,3.797941176470588,110.0,0.0,0.0,1.5,0
134.0,2.0,2.0,1.0,0.4,0,0,0,0,0,0,4.0594705882352935,118.2,0.0,0.5,1.3333333333333333,0
135.0,2.0,2.0,1.0,0.4,0,0,0,0,0,0,3.9764166666666667,116.2,0.0,0.6666666666666666,1.5,0
136.0,2.0,2.0,1.0,0.4,0,0,0,0,0,0,5.1619230769230775,119.8,0.0,0.5,2.0,0
137.0,2.0,2.0,0,0.2,0,0,0,0,0,0,5.875222222222222,116.0,0,0.6,0,0
138.0,2.0,2.0,1.0,0.4,1,1,0,0,0,0,6.5681111111111115,119.6,0.0,0.75,2.0,0.0
139.0,2.0,2.0,0.5,0.6,1,1,0,0,0,0,5.966888888888889,112.8,0.0,0.6666666666666666,1.5,0.0
140.0,2.0,2.0,0.3333333333333333,0.6,1,1,0,0,0,0,5.587625,116.2,0.0,0.5,1.3333333333333333,0.0
141.0,2.0,2.0,0.5,0.8,1,1,0,0,0,0,4.336374999999999,115.6,0.0,1.0,1.25,0.0
142.0,2.0,1.0,0.5,0.8,1,1,0,0,0,0,4.489863636363636,121.2,0.0,0.0,1.25,0.0
143.0,2.0,1.0,0.5,0.8,0,0,0,0,0,0,4.423863636363635,120.8,0.0,0.0,0.75,0
144.0,2.0,1.0,0.5,0.8,0,0,0,0,0,0,4.313088235294118,121.2,0.0,0.0,0.75,0
145.0,2.0,1.0,0.6666666666666666,0.6,0,0,0,0,0,0,4.528617647058823,122.4,0.0,0.0,0.6666666666666666,0
146.0,2.0,1.0,0.5,0.4,0,0,0,0,0,0,4.377375000000001,122.6,0.0,0.0,0.5,0
147.0,2.0,1.0,0.6666666666666666,0.6,0,0,0,0,1.0,0,4.330818181818182,120.8,0.0,0.0,0.6666666666666666,0
148.0,2.0,1.0,0.6666666666666666,0.6,0,0,0,0,1.0,0,4.287136363636364,117.6,0.3333333333333333,0.0,1.3333333333333333,0
149.0,2.0,1.0,1.0,0.4,0,0,0,0,1.0,0,5.3253,123.0,0.5,0.3333333333333333,1.5,0
150.0,2.0,1.0,1.0,0.4,0,0,0,1,1.0,0,4.67375,118.2,0.5,0.6666666666666666,1.5,0
151.0,2.0,1.0,1.0,0.6,0,1,0,1,1.0,0,4.38875,118.2,0.6666666666666666,1.0,1.0,1.0
152.0,2.0,1.0,1.0,0.6,0,2,0,1,1.0,0,3.649714285714286,120.2,1.0,1.0,1.0,1.0
153.0,2.0,1.0,1.0,0.4,0,2,0,1,1.0,0,4.141375,123.8,1.0,0.6666666666666666,0.5,1.0
154.0,2.0,1.0,1.0,0.4,0,2,0,1,1.0,0,3.8534375,124.0,1.0,0.3333333333333333,0.5,1.0
155.0,2.0,1.0,1.0,0.4,0,2,0,0,1.0,0,4.607470588235294,127.6,0.6666666666666666,0.0,0.6666666666666666,1.0
156.0,3.0,6.0,0.6666666666666666,0.4,0,1,0,0,1.0,0,4.516052631578947,120.8,0.6666666666666666,0.0,0.6666666666666666,1.0
157.0,3.0,6.0,0.3333333333333333,0.2,0,0,0,0,0,0,4.91375,114.2,0.3333333333333333,0.0,0.3333333333333333,0
158.0,3.0,6.0,0.25,0.4,0,0,0,0,0,0,4.564333333333334,113.6,0.5,0.0,0.75,0
159.0,3.0,6.0,0.2,0.4,0,0,1,1,0,0,4.829058823529412,88.0,0.6,0,0.6,0
160.0,3.0,6.0,0.2,0.6,0,0,1,1,0,0,4.103428571428571,86.2,0.8,0,0.8,0
161.0,3.0,6.0,0.4,0.6,0,0,1,1,0,0,4.7318750000000005,89.6,0.6,0,1.2,0
162.0,3.0,5.0,0.5,0.8,0,0,1,1,1.0,0,4.515250000000001,95.6,0.75,0.0,1.5,0
163.0,3.0,5.0,0.6666666666666666,0.6,0,0,1,1,1.0,0,4.949666666666666,96.4,0.6666666666666666,0.0,1.3333333333333333,0
164.0,3.0,5.0,1.0,0.6,0,0,0,0,1.0,0,7.117466666666667,118.2,0.5,0.0,2.0,0
165.0,3.0,5.0,1.0,0.6,0,0,0,0,1.0,0,7.0063125,121.2,0.0,0.25,2.0,0
166.0,3.0,5.0,0,0.6,0,0,0,0,1.0,0,6.476578947368421,124.6,0,0.2,0,0
167.0,3.0,5.0,0,0.4,0,0,0,0,0,0.0,7.202285714285714,124.8,0,0.2,0,0
168.0,3.0,5.0,0,0.6,0,0,0,0,0,0.0,6.6522,121.6,0,0.2,0,0
169.0,3.0,5.0,0,0.6,0,0,0,0,0,0.0,5.715538461538461,125.8,0,0.2,0,0
170.0,3.0,5.0,0,0.4,0,0,0,0,0,0.0,5.361571428571429,123.8,0,0.0,0,0
171.0,3.0,5.0,0,0.4,0,0,0,0,0,0.0,6.9001,97.8,0,0.0,0,0
172.0,3.0,5.0,0,0.4,0,0,0,0,0,0.0,8.04325,98.2,0,0.0,0,0
173.0,3.0,5.0,0,0.2,0,0,0,0,0,0.0,6.629181818181817,101.0,0,0.0,0,0
174.0,3.0,5.0,0.0,0.4,0,1,0,0,0,0,4.018294117647059,93.4,0.0,0.0,2.0,1.0
175.0,3.0,5.0,0.5,0.6,0,2,0,0,0,0,4.051823529411765,92.6,0.0,0.0,2.0,1.0
176.0,3.0,5.0,0.6666666666666666,0.4,0,2,0,0,0,0,3.734652173913043,118.0,0.0,0.0,2.0,1.0
177.0,3.0,5.0,0.5,0.4,0,2,0,1,0,0,3.6855769230769235,111.2,0.25,0.0,1.75,1.0
178.0,3.0,5.0,0.4,0.6,0,2,0,1,0,0,3.7586666666666666,106.4,0.2,0,1.6,1.0
179.0,3.0,5.0,0.6,0.6,1,2,0,1,0,0,4.188222222222222,112.4,0.4,0,1.6,0.5
180.0,3.0,4.0,0.5,0.6,1,1,0,1,0,0,4.3864117647058825,111.2,0.5,0.0,1.5,0.0
181.0,3.0,4.0,0.3333333333333333,0.8,1,2,0,1,0,0,4.317058823529413,111.6,0.6666666666666666,0.5,1.3333333333333333,0.5
182.0,3.0,4.0,0.5,0.8,1,2,0,1,0,0,4.8076875,113.8,0.5,0.6666666666666666,1.5,0.5
183.0,3.0,4.0,1.0,0.8,1,2,0,1,0,0,5.198266666666667,118.4,1.0,0.75,2.0,0.5
184.0,3.0,4.0,0,0.8,0,1,0,1,0,1.0,4.7642,120.6,0,0.6,0,1.0
185.0,3.0,3.0,1.0,0.8,1,2,0,1,0,1.0,4.520421052631579,125.0,0.0,0.75,2.0,0.5
186.0,3.0,3.0,1.0,0.8,1,2,0,1,0,1.0,4.292857142857143,124.6,0.5,0.6666666666666666,2.0,0.0
187.0,3.0,3.0,0.6666666666666666,1.0,1,2,0,0,0,1.0,3.2990000000000004,124.0,0.3333333333333333,0.5,1.6666666666666667,0.0
188.0,3.0,3.0,0.5,0.8,1,2,1,1,0,1.0,3.051333333333334,98.6,0.5,0.0,1.75,0.0
189.0,3.0,3.0,0.6,0.8,2,3,1,1,0,0,2.3451538461538464,93.4,0.6,0,1.8,0.0
190.0,3.0,2.0,0.5,0.8,1,2,1,1,0,0,2.9916875,89.4,0.75,0.0,1.75,0.0
191.0,3.0,2.0,0.3333333333333333,0.6,1,1,1,1,0,0,2.9395,88.2,0.6666666666666666,0.0,1.6666666666666667,0.0
192.0,3.0,2.0,0.5,0.4,1,1,1,1,0,0,3.12075,89.0,1.0,0.3333333333333333,2.0,0.0
193.0,3.0,2.0,1.0,0.6,1,1,0,0,1.0,0,3.9014999999999995,110.0,1.0,0.5,2.0,0.0
194.0,3.0,2.0,0,0.4,0,0,0,0,1.0,0,3.8819166666666667,110.8,0,0.4,0,0
195.0,3.0,2.0,0,0.2,0,0,0,0,1.0,0,4.500000000000001,115.2,0,0.4,0,0
196.0,3.0,2.0,1.0,0.4,0,1,0,0,1.0,0,4.786333333333333,112.4,0.0,0.5,2.0,0.0
197.0,3.0,2.0,1.0,0.6,0,1,0,0,1.0,0,4.772,114.4,0.5,0.3333333333333333,2.0,0.0
198.0,3.0,2.0,0.6666666666666666,0.6,0,1,0,0,0,0,4.360416666666667,111.4,0.3333333333333333,0.0,1.6666666666666667,0.0
199.0,3.0,2.0,0.75,0.8,1,2,0,0,0,0,4.4757,111.0,0.5,0.0,1.75,0.0
200.0,3.0,1.0,0.75,0.8,1,2,0,0,0,0,3.9593000000000003,109.8,0.5,1.0,1.75,0.0
201.0,3.0,1.0,0.6666666666666666,0.8,1,1,0,0,0,0,3.961090909090909,111.6,0.6666666666666666,0.5,1.6666666666666667,0.0
202.0,3.0,1.0,0.5,0.6,1,1,0,0,0,0,5.889941176470589,111.4,0.5,0.3333333333333333,1.5,0.0
203.0,3.0,1.0,1.0,0.6,1,2,0,0,0,0,5.337958333333333,118.8,1.0,0.25,2.0,0.5
204.0,3.0,1.0,0,0.6,0,1,0,0,0,0,5.524740740740741,119.8,0,0.4,0,1.0
205.0,3.0,1.0,0,0.6,0,1,0,0,0,0.0,5.302925925925926,120.0,0,0.2,0,1.0
206.0,3.0,1.0,0,0.4,0,1,0,0,0,0.0,5.2755769230769225,119.6,0,0.2,0,1.0
207.0,3.0,1.0,0,0.4,0,1,0,0,0,0.0,3.7920555555555557,121.2,0,0.2,0,1.0
208.0,3.0,1.0,0.0,0.4,0,0,0,0,0,0.0,3.625,115.2,1.0,0.25,2.0,0
209.0,3.0,1.0,0.5,0.4,0,1,0,0,1.0,0.0,2.9275,114.2,0.5,0.0,2.0,1.0
210.0,3.0,1.0,0.3333333333333333,0.6,0,1,0,0,1.0,0,3.36625,107.8,0.3333333333333333,0.0,1.6666666666666667,1.0
211.0,3.0,1.0,0.5,0.6,0,1,0,1,0.5,0,3.741222222222223,107.4,0.25,0.0,1.75,1.0
212.0,3.0,1.0,0.6,0.8,0,1,0,1,0.5,0,4.895666666666667,108.2,0.2,0,1.8,1.0
213.0,2.0,6.0,0.75,0.8,0,1,0,1,0.5,0,5.806333333333334,110.8,0.0,0.0,1.75,1.0
214.0,2.0,6.0,0.6666666666666666,0.6,0,0,0,1,0.0,0,6.157416666666667,108.6,0.0,0.5,1.6666666666666667,0
215.0,2.0,6.0,1.0,0.4,0,0,0,1,0.0,0,6.546,111.4,0.0,0.3333333333333333,2.0,0
216.0,2.0,6.0,1.0,0.4,0,0,0,0,0,0,7.034727272727272,114.6,0.0,0.5,2.0,0
217.0,2.0,6.0,0,0.2,0,0,0,0,0,0,6.096272727272727,114.8,0,0.4,0,0
218.0,2.0,6.0,1.0,0.2,0,0,0,0,0,0,4.237928571428571,117.0,0.0,0.5,2.0,0
219.0,2.0,6.0,0.5,0.2,0,0,1,1,0,0,4.002909090909092,97.4,0.5,0.3333333333333333,1.5,0
220.0,2.0,6.0,0.6666666666666666,0.2,0,0,1,2,0,0,4.006333333333334,100.8,0.6666666666666666,0.5,1.3333333333333333,0
221.0,2.0,6.0,0.75,0.4,0,0,1,2,0,0,3.7575000000000003,98.6,0.5,0.0,1.5,0
222.0,2.0,6.0,0.6,0.4,0,0,2,3,0,0,4.4498181818181815,72.8,0.6,0,1.6,0
223.0,2.0,6.0,0.4,0.2,0,0,2,3,0,0,4.556642857142856,67.2,0.6,0,1.4,0
224.0,2.0,6.0,0.5,0.2,0,0,1,2,0,0,4.563411764705883,92.0,0.5,0.0,1.5,0
225.0,2.0,6.0,0.3333333333333333,0.4,0,0,1,1,0,0,4.192941176470589,89.4,0.3333333333333333,0.0,1.6666666666666667,0
226.0,2.0,6.0,0.0,0.2,0,0,1,1,0,0,4.49278947368421,88.4,0.5,0.0,1.5,0
227.0,2.0,6.0,0.0,0.2,0,0,0,0,0,0,4.3334090909090905,114.2,0.0,0.0,1.0,0
228.0,2.0,6.0,0,0.4,0,1,0,0,1.0,0,5.322449999999999,118.2,0,0.2,0,1.0
229.0,2.0,6.0,0,0.6,0,1,0,0,1.0,0,4.776259259259259,115.0,0,0.4,0,1.0
230.0,2.0,6.0,0,0.6,0,1,0,0,1.0,0,4.988241379310345,115.8,0,0.6,0,1.0
231.0,2.0,6.0,0,0.6,0,1,0,0,1.0,0.0,4.74858064516129,119.6,0,0.6,0,1.0
232.0,2.0,6.0,0,0.6,0,1,0,0,1.0,0.0,4.865774193548387,119.2,0,0.6,0,1.0
233.0,2.0,6.0,0,0.6,0,1,0,0,0,0.0,4.3501111111111115,120.4,0,0.4,0,1.0
234.0,2.0,6.0,0,0.4,0,1,0,0,0,0.0,4.794300000000001,98.8,0,0.2,0,1.0
235.0,2.0,6.0,0,0.4,0,2,0,0,0,0.0,4.66395,101.2,0,0.0,0,1.0
236.0,2.0,6.0,0,0.6,0,2,0,0,0,0,4.6848947368421054,96.0,0,0.0,0,1.0
237.0,2.0,6.0,0,0.6,0,2,0,0,0,0.0,4.197764705882353,94.8,0,0.0,0,1.0
238.0,2.0,6.0,0,0.4,0,1,0,0,0,0.0,4.409699999999999,93.0,0,0.0,0,1.0
239.0,2.0,6.0,0,0.6,0,1,0,0,0,0.0,4.438521739130436,118.6,0,0.0,0,1.0
240.0,2.0,6.0,0,0.4,0,0,0,0,0,0.0,4.70305,115.6,0,0.2,0,0
241.0,2.0,6.0,0,0.2,0,0,0,0,0,0.0,5.2435294117647056,118.4,0,0.4,0,0
242.0,2.0,6.0,1.0,0.4,0,0,0,0,0,0,5.527294117647059,120.0,1.0,0.5,1.0,0
243.0,2.0,6.0,1.0,0.4,0,0,0,1,0,0,5.422583333333333,121.4,0.5,0.6666666666666666,1.0,0
244.0,2.0,6.0,0.6666666666666666,0.2,0,0,1,2,0,0,6.070833333333333,95.8,0.6666666666666666,1.0,1.3333333333333333,0
245.0,2.0,6.0,0.75,0.2,0,0,1,2,0,0,5.017857142857143,95.4,0.5,1.0,1.5,0
246.0,2.0,6.0,0.6,0.4,0,0,1,2,0,0,4.29,96.8,0.4,0,1.4,0
247.0,2.0,6.0,0.6,0.4,0,0,1,2,1.0,0,4.705111111111112,93.0,0.4,0,1.6,0
248.0,2.0,6.0,0.4,0.6,0,1,1,1,1.0,0,4.586499999999999,91.8,0.4,0,1.8,1.0
249.0,2.0,6.0,0.4,0.8,0,1,0,0,1.0,0,4.019705882352941,109.8,0.2,0,1.4,1.0
250.0,2.0,5.0,0.25,0.8,0,1,0,0,1.0,0,4.4980625,110.0,0.25,0.0,1.25,1.0
251.0,2.0,5.0,0.3333333333333333,0.8,0,1,0,0,1.0,0,4.497941176470588,110.6,0.3333333333333333,0.0,1.3333333333333333,1.0
252.0,2.0,5.0,0.0,0.6,0,1,0,0,1.0,0,4.205588235294118,108.4,0.0,0.0,1.0,1.0
253.0,2.0,5.0,0.0,0.4,0,0,0,0,0,0,4.625176470588236,110.8,0.0,0.0,0.0,0
254.0,2.0,5.0,0,0.4,0,0,0,0,0,0,5.5793333333333335,118.4,0,0.0,0,0
255.0,2.0,5.0,0,0.6,0,0,0,0,0,0,4.902,122.0,0,0.0,0,0
256.0,2.0,5.0,0,0.4,0,0,0,1,0,0,4.71775,122.4,0,0.0,0,0
257.0,2.0,5.0,0,0.4,0,0,0,1,0,0,4.583142857142858,125.8,0,0.0,0,0
258.0,2.0,5.0,0.0,0.4,0,0,1,2,0,0,5.0000909090909085,101.2,0.0,0.0,2.0,0
259.0,2.0,5.0,0.0,0.4,0,0,1,2,0,0,4.3754285714285714,94.0,0.5,0.0,1.5,0
260.0,2.0,5.0,0.3333333333333333,0.4,0,0,1,2,0,0,3.9036363636363633,90.4,0.3333333333333333,0.0,1.3333333333333333,0
261.0,2.0,5.0,0.5,0.6,0,0,1,1,1.0,0,3.897615384615385,86.8,0.5,0.0,1.25,0
262.0,2.0,5.0,0.6,0.8,1,1,1,1,1.0,0,3.754153846153846,89.8,0.4,0,1.0,0.0
263.0,2.0,4.0,0.75,1.0,1,1,0,0,1.0,0,3.7123793103448275,115.0,0.5,1.0,0.75,0.0
264.0,2.0,4.0,1.0,1.0,1,1,0,0,1.0,0,3.937583333333333,96.6,0.3333333333333333,1.0,0.6666666666666666,0.0
265.0,2.0,4.0,1.0,0.8,1,1,0,0,1.0,0,4.110166666666667,99.8,0.5,1.0,0.5,0.0
266.0,2.0,4.0,1.0,0.8,1,1,0,0,0,0,3.9747619047619045,103.0,0.0,0.75,0.0,0.0
267.0,2.0,4.0,0,0.6,0,0,0,0,0,0.0,4.152782608695652,102.6,0,0.6,0,0
268.0,2.0,4.0,0,0.6,0,0,0,0,0,0.5,4.510000000000001,103.2,0,0.4,0,0
269.0,2.0,3.0,1.0,0.6,0,0,0,0,0,0.5,4.0280625,127.8,1.0,0.25,2.0,0
270.0,2.0,3.0,0.5,0.8,0,1,0,0,0,0.5,3.5091666666666668,120.0,1.0,0.0,2.0,1.0
271.0,2.0,3.0,0.3333333333333333,0.6,0,1,1,1,0,0.5,3.9069374999999997,94.2,1.0,0.0,1.6666666666666667,1.0
272.0,2.0,3.0,0.5,0.8,0,1,1,1,0,1.0,3.787571428571429,91.0,0.75,0.0,1.5,1.0
273.0,2.0,3.0,0.6,0.8,0,1,1,1,0,0,3.5736923076923075,88.2,0.6,0,1.4,1.0
274.0,2.0,2.0,0.5,0.6,0,1,1,1,0,0,3.4495714285714283,85.2,0.5,1.0,1.25,1.0
275.0,2.0,2.0,0.6666666666666666,0.6,0,0,1,1,0,0,5.068624999999999,91.4,0.3333333333333333,1.0,1.0,0
276.0,2.0,2.0,1.0,0.6,0,0,0,0,0,0,4.160444444444444,113.4,0.0,0.6666666666666666,1.0,0
277.0,2.0,2.0,1.0,0.4,0,0,0,0,0,0,4.480545454545454,112.8,0.0,0.5,1.0,0
278.0,2.0,2.0,0,0.2,0,0,0,1,0.0,0,4.281,110.8,0,0.6,0,0
279.0,2.0,3.0,0.0,0.4,0,1,0,1,0.0,0,3.894578947368421,109.4,0.0,0.5,1.0,1.0
280.0,2.0,3.0,0.0,0.4,0,1,0,1,0.0,0,3.438277777777778,103.6,0.0,0.3333333333333333,0.5,1.0
281.0,2.0,3.0,0.3333333333333333,0.4,0,1,0,2,0.0,0,3.607809523809524,106.4,0.0,0.5,0.6666666666666666,1.0
282.0,2.0,3.0,0.5,0.6,0,2,0,2,0.5,0,3.3301379310344825,108.6,0.0,1.0,1.0,1.0
283.0,2.0,3.0,0.6,0.6,0,2,0,1,0.5,0,3.1178333333333335,110.6,0.0,0,1.2,1.0
284.0,2.0,3.0,0.6,0.4,0,1,0,1,0.5,0,3.149037037037037,109.4,0.0,0,1.2,1.0
285.0,2.0,3.0,0.8,0.4,0,2,0,1,0.5,0,3.1350370370370366,116.8,0.2,0,1.6,1.0
286.0,2.0,3.0,0.8,0.6,0,2,0,0,0.5,0,3.0348333333333333,114.6,0.2,0,1.8,1.0
287.0,2.0,2.0,0.75,0.4,0,1,0,0,0.0,0,3.737571428571429,115.4,0.25,0.0,1.75,1.0
288.0,2.0,2.0,0.6666666666666666,0.6,0,1,0,0,1.0,0,4.0605714285714285,110.8,0.3333333333333333,0.5,1.6666666666666667,1.0
289.0,2.0,2.0,1.0,0.6,0,1,0,0,1.0,0,3.7965294117647055,117.8,0.5,0.3333333333333333,2.0,1.0
290.0,2.0,2.0,1.0,0.6,0,0,0,0,1.0,0,4.043,114.6,0.0,0.5,2.0,0
291.0,2.0,2.0,0,0.6,0,0,0,0,1.0,0,4.377999999999999,114.6,0,0.6,0,0
292.0,2.0,2.0,0,0.8,0,1,0,0,1.0,1.0,3.850291666666666,111.2,0,0.8,0,1.0
293.0,2.0,1.0,0.0,0.6,0,1,0,1,0,1.0,3.9221666666666666,115.2,0.0,0.75,0.0,1.0
294.0,2.0,1.0,0.5,0.8,0,1,0,1,1.0,1.0,4.16126923076923,113.2,0.0,1.0,1.0,1.0
295.0,2.0,1.0,0.3333333333333333,0.8,0,2,0,1,1.0,1.0,4.7438400000000005,111.4,0.3333333333333333,1.0,0.6666666666666666,1.0
296.0,2.0,1.0,0.5,0.6,0,2,0,1,0.5,1.0,4.612333333333334,114.8,0.25,1.0,0.75,1.0
297.0,2.0,1.0,0.6,0.4,0,1,0,1,0.5,0,4.3261515151515155,115.8,0.2,0,0.8,1.0
298.0,2.0,1.0,0.8,0.6,0,1,0,0,0.5,0,4.1821153846153845,119.2,0.2,0,0.8,1.0
299.0,2.0,1.0,0.8,0.6,0,1,0,0,0.0,0,4.7469090909090905,120.8,0.2,0,0.8,1.0
300.0,2.0,1.0,1.0,0.6,0,0,0,0,0.0,0,4.0238499999999995,123.2,0.0,0,1.0,0
5.0,3.0,6.0,0,0.6,0,0,0,0,0,0.0,4.799333333333334,120.2,0,0.2,0,0
6.0,3.0,6.0,0,0.4,0,0,0,1,0,0.0,4.186642857142857,118.6,0,0.4,0,0
7.0,3.0,6.0,0,0.2,0,0,0,1,0,0.0,4.328076923076924,125.0,0,0.4,0,0
8.0,3.0,6.0,0,0.2,0,0,0,1,0,0.0,4.9848823529411765,124.6,0,0.6,0,0
9.0,3.0,6.0,0.0,0.0,0,0,0,1,0,0.0,4.576052631578948,119.0,0.0,0.75,0.0,0
10.0,3.0,6.0,0.5,0.2,0,0,0,1,0,0.0,4.344058823529411,117.4,0.5,1.0,0.5,0
11.0,3.0,6.0,0.6666666666666666,0.2,0,0,0,1,0,0,4.526357142857143,122.0,0.3333333333333333,1.0,0.6666666666666666,0
12.0,3.0,6.0,0.75,0.4,0,0,0,1,0,0,4.251071428571429,120.6,0.25,1.0,1.0,0
13.0,3.0,6.0,0.8,0.6,0,1,0,1,0,0,3.1645499999999993,116.0,0.4,0,1.2,1.0
14.0,3.0,6.0,0.8,0.8,0,2,0,1,0,0,3.1908095238095235,114.2,0.4,0,1.4,1.0
15.0,3.0,5.0,0.75,0.6,0,2,0,1,0,0,3.0491739130434783,113.4,0.25,1.0,1.5,1.0
16.0,3.0,5.0,0.6666666666666666,0.8,0,2,0,0,0,0,3.4347391304347825,109.2,0.3333333333333333,0.5,1.6666666666666667,1.0
17.0,3.0,5.0,0.5,0.6,0,2,0,0,0,0,3.339434782608695,107.2,0.5,0.3333333333333333,1.5,1.0
18.0,3.0,5.0,0.0,0.4,0,1,0,0,0,0,3.8951333333333333,111.4,0.0,0.25,1.0,1.0
19.0,3.0,5.0,0,0.2,0,0,0,0,0,0,4.371636363636363,114.6,0,0.4,0,0
20.0,3.0,5.0,1.0,0.4,0,1,0,0,1.0,0,4.541727272727273,114.8,1.0,0.25,1.0,1.0
21.0,3.0,5.0,1.0,0.4,1,2,0,0,1.0,0,3.5423999999999998,119.4,1.0,0.3333333333333333,1.5,0.5
22.0,3.0,5.0,1.0,0.6,1,2,0,0,1.0,0,4.4601999999999995,119.4,1.0,0.5,1.3333333333333333,0.5
23.0,3.0,5.0,1.0,0.8,1,2,0,0,1.0,0,4.2557,117.0,0.75,1.0,1.5,0.5
24.0,3.0,4.0,1.0,1.0,1,2,0,0,1.0,0,4.7332,115.8,0.75,0.0,1.5,0.5
25.0,3.0,4.0,1.0,0.8,1,1,0,0,0,0,4.664866666666667,118.6,0.6666666666666666,0.0,1.6666666666666667,0.0
26.0,3.0,4.0,1.0,0.6,0,0,0,0,0,0,4.692176470588235,119.0,0.5,0.0,1.5,0
27.0,3.0,4.0,1.0,0.4,0,0,0,0,0,0,4.126761904761905,120.4,0.0,0.0,2.0,0
28.0,3.0,4.0,0,0.4,0,1,0,0,0,0,4.093181818181818,121.0,0,0.0,0,1.0
29.0,3.0,4.0,0,0.4,0,1,0,0,0,0,3.6494499999999994,127.0,0,0.2,0,1.0
30.0,3.0,4.0,0,0.4,0,1,0,0,0,0,3.9251666666666662,127.8,0,0.4,0,1.0
31.0,3.0,4.0,0,0.4,0,1,0,0,0,0,4.0043125,121.4,0,0.6,0,1.0
32.0,3.0,4.0,1.0,0.6,0,1,0,0,0,0,4.307285714285714,115.8,1.0,0.75,2.0,1.0
33.0,3.0,4.0,1.0,0.6,0,0,0,0,1.0,0,4.4635333333333325,114.2,0.5,1.0,2.0,0
34.0,3.0,4.0,0.6666666666666666,0.6,0,0,0,0,1.0,0,4.775083333333332,106.8,0.3333333333333333,1.0,1.6666666666666667,0
35.0,3.0,4.0,0.5,0.8,0,0,0,0,1.0,0,4.945499999999999,80.0,0.5,1.0,1.75,0
36.0,3.0,3.0,0.5,0.8,0,0,0,1,1.0,0,5.4499375,84.0,0.5,0.0,1.75,0
37.0,3.0,3.0,0.3333333333333333,0.8,0,0,0,1,1.0,0,7.643705882352942,83.6,0.3333333333333333,0.5,1.6666666666666667,0
38.0,3.0,3.0,0.0,0.6,0,0,0,1,0,0,8.735615384615384,86.2,0.5,0.6666666666666666,1.5,0
39.0,3.0,3.0,0.0,0.6,0,0,0,1,0,0,8.17957142857143,88.4,1.0,0.5,2.0,0
40.0,3.0,3.0,0,0.6,0,0,0,1,0,0,6.254095238095239,109.2,0,0.4,0,0
41.0,3.0,3.0,0,0.6,0,0,0,0,0,0.0,6.380473684210526,109.6,0,0.4,0,0
42.0,3.0,3.0,0,0.4,0,0,0,0,0,0.0,4.9841999999999995,115.0,0,0.4,0,0
43.0,3.0,3.0,0,0.4,0,0,0,1,0,0.0,4.546208333333333,110.8,0,0.2,0,0
44.0,3.0,3.0,0.0,0.2,0,0,0,2,0,0.0,4.559041666666666,111.0,0.0,0.25,2.0,0
45.0,3.0,3.0,0.5,0.2,0,1,0,2,1.0,0.0,4.961333333333334,115.6,0.0,0.3333333333333333,1.0,1.0
46.0,3.0,3.0,0.6666666666666666,0.2,0,1,0,3,1.0,0,4.55225,114.6,0.3333333333333333,0.5,1.0,1.0
47.0,3.0,3.0,0.75,0.2,0,1,0,3,1.0,0,3.9329130434782607,116.4,0.5,0.0,1.25,1.0
48.0,3.0,3.0,0.6,0.4,0,1,0,2,1.0,0,4.534571428571429,116.2,0.4,0,1.4,1.0
49.0,3.0,3.0,0.8,0.4,0,1,0,2,1.0,0,5.0687999999999995,120.6,0.4,0,1.2,1.0
50.0,3.0,4.0,0.75,0.2,0,0,0,2,0,0,4.794161290322581,118.0,0.5,1.0,1.5,0
51.0,3.0,4.0,0.6666666666666666,0.2,0,0,0,1,0,0,4.7965333333333335,115.6,0.3333333333333333,1.0,1.6666666666666667,0
52.0,3.0,4.0,0.5,0.4,0,0,0,1,0,0,4.698933333333333,110.6,0.0,0.6666666666666666,1.5,0
53.0,3.0,4.0,1.0,0.4,0,1,0,1,0,0,4.453419354838709,115.2,0.0,0.5,1.0,1.0
54.0,3.0,4.0,0,0.4,0,1,0,0,0,0,4.224615384615385,115.4,0,0.4,0,1.0
55.0,3.0,4.0,0,0.6,0,1,0,0,0,0,4.9092631578947366,118.6,0,0.4,0,1.0
56.0,3.0,4.0,0,0.6,0,1,0,0,0,0,5.073894736842105,124.6,0,0.2,0,1.0
57.0,3.0,4.0,0,0.4,0,1,0,0,0,0,5.9358571428571425,130.0,0,0.2,0,1.0
58.0,3.0,6.0,1.0,0.4,0,1,0,0,0,0,5.623866666666667,130.6,0.0,0.25,2.0,1.0
59.0,3.0,6.0,1.0,0.4,0,1,0,0,0,0,4.7525,128.6,0.0,0.3333333333333333,2.0,1.0
60.0,3.0,6.0,1.0,0.4,0,2,0,0,0,0,4.025368421052631,128.4,0.0,0.0,2.0,0.5
61.0,3.0,6.0,1.0,0.4,0,2,0,0,0,0,3.740681818181818,123.8,0.0,0.0,2.0,0.5
62.0,3.0,6.0,1.0,0.4,0,2,0,0,0,0,3.3827037037037035,123.0,0.0,0,2.0,0.5
63.0,3.0,6.0,1.0,0.4,0,2,0,0,0,0,3.1178275862068965,123.2,0.0,0,1.8,0.5
64.0,3.0,6.0,0.8,0.6,0,2,0,0,0,0,2.8830833333333334,122.6,0.2,0,1.8,0.5
65.0,3.0,6.0,0.8,0.4,0,1,0,0,0,0,3.178444444444444,120.8,0.2,0,1.8,1.0
66.0,3.0,6.0,0.8,0.6,0,1,0,0,0,0,3.2946153846153843,121.2,0.4,0,1.6,1.0
67.0,3.0,6.0,0.8,0.6,0,1,0,1,0.0,0,3.5113,115.4,0.6,0,1.6,1.0
68.0,3.0,6.0,0.8,0.6,0,0,0,1,0.0,0,3.9602857142857144,111.0,0.8,0,1.8,0
69.0,3.0,6.0,1.0,0.6,0,0,0,1,0.5,0,4.42425,110.6,0.6,0,1.8,0
70.0,3.0,5.0,1.0,0.8,0,0,0,1,0.5,0,4.4577857142857145,107.6,0.75,1.0,1.75,0
71.0,3.0,5.0,1.0,0.8,0,0,0,1,0.5,0,4.533230769230769,109.4,0.6666666666666666,0.5,2.0,0
72.0,3.0,5.0,1.0,0.8,0,0,0,0,1.0,0,4.3932142857142855,116.0,0.5,0.3333333333333333,2.0,0
73.0,3.0,5.0,1.0,0.6,0,0,0,0,1.0,0,4.8517777777777775,119.4,0.0,0.25,2.0,0
74.0,3.0,5.0,0,0.6,0,0,0,0,0,0,5.13636,121.4,0,0.4,0,0
75.0,3.0,5.0,0,0.4,0,0,0,0,0,0.0,5.402583333333333,127.0,0,0.4,0,0
76.0,3.0,5.0,0,0.2,0,0,0,0,0,0.0,5.613652173913044,127.8,0,0.6,0,0
77.0,3.0,5.0,0,0.2,0,0,0,0,0,0.0,5.710190476190476,127.2,0,0.6,0,0
78.0,3.0,5.0,1.0,0.4,0,1,0,0,0,0.0,5.09847619047619,123.6,0.0,0.75,1.0,1.0
79.0,3.0,5.0,0.5,0.2,0,1,0,0,0,0.0,4.6799333333333335,118.2,0.5,0.6666666666666666,1.5,1.0
80.0,3.0,5.0,0.6666666666666666,0.4,0,1,0,0,0,0,4.1944,113.8,0.3333333333333333,0.5,1.6666666666666667,1.0
81.0,3.0,5.0,0.5,0.6,0,1,0,0,0,0,3.810666666666667,113.0,0.25,0.0,1.5,1.0
82.0,3.0,5.0,0.6,0.8,0,1,0,0,0,0,3.8383333333333334,113.2,0.2,0,1.6,1.0
83.0,3.0,4.0,0.5,0.8,0,1,0,0,0,0,4.320285714285714,114.6,0.25,1.0,1.75,1.0
84.0,3.0,4.0,0.6666666666666666,1.0,0,1,0,0,0,0,3.9637499999999997,121.2,0.0,1.0,1.6666666666666667,1.0
85.0,3.0,4.0,0.5,1.0,0,1,0,0,0,0,4.875230769230769,122.8,0.0,1.0,1.5,1.0
86.0,3.0,4.0,1.0,1.0,0,1,0,0,0,1.0,5.098142857142856,123.2,0.0,1.0,2.0,1.0
87.0,3.0,3.0,0.0,1.0,0,1,0,0,0,1.0,5.108714285714286,117.8,1.0,1.0,0.0,1.0
88.0,3.0,3.0,0.5,1.0,0,1,0,0,1.0,1.0,4.567733333333333,114.0,0.5,1.0,1.0,1.0
89.0,3.0,3.0,0.6666666666666666,1.0,0,2,0,0,1.0,1.0,4.272142857142857,110.6,0.3333333333333333,1.0,1.0,1.0
90.0,3.0,3.0,0.5,0.8,0,2,0,0,1.0,1.0,3.595785714285715,104.6,0.25,1.0,1.0,1.0
91.0,3.0,3.0,0.6,0.8,0,2,0,0,1.0,0,3.953153846153846,105.2,0.4,0,1.2,1.0
92.0,3.0,2.0,0.75,0.6,0,2,0,0,1.0,0,4.474428571428572,110.2,0.25,0.0,1.5,1.0
93.0,3.0,2.0,0.6666666666666666,0.4,0,1,0,0,0,0,4.868647058823529,116.2,0.3333333333333333,0.0,1.3333333333333333,1.0
94.0,3.0,2.0,0.5,0.2,0,0,0,0,0,0,5.106764705882353,118.2,0.5,0.3333333333333333,1.5,0
95.0,3.0,2.0,1.0,0.2,0,0,0,0,0,0,4.909437499999999,125.4,1.0,0.25,2.0,0
96.0,3.0,2.0,1.0,0.2,1,1,0,0,0,0,4.22575,120.8,1.0,0.25,2.0,0.0
97.0,3.0,2.0,0.5,0.4,1,2,0,0,0,0,3.4081666666666663,117.8,0.5,0.3333333333333333,1.5,0.5
98.0,3.0,2.0,0.6666666666666666,0.6,1,3,0,0,0,0,3.511722222222222,115.6,0.3333333333333333,0.5,1.3333333333333333,0.6666666666666666
99.0,3.0,2.0,0.75,0.8,1,3,0,0,0,0,3.4455625,112.8,0.25,0.0,1.5,0.6666666666666666
100.0,3.0,1.0,0.75,0.8,1,3,0,0,0,0,3.74675,110.2,0.25,1.0,1.5,0.6666666666666666
101.0,3.0,1.0,0.6666666666666666,0.8,0,2,0,0,0,0,4.5661578947368415,113.8,0.0,0.5,1.3333333333333333,1.0
102.0,3.0,1.0,1.0,0.6,0,1,0,0,0,0,4.6172941176470585,114.6,0.0,0.6666666666666666,1.5,1.0
103.0,3.0,1.0,1.0,0.4,0,0,0,0,0,0,4.659,115.8,0.0,0.5,2.0,0
104.0,3.0,1.0,0,0.2,0,0,0,0,0,0,5.385400000000001,116.2,0,0.4,0,0
105.0,3.0,1.0,0.0,0.4,0,0,0,0,0,0,5.1413529411764705,115.4,0.0,0.25,2.0,0
106.0,3.0,1.0,0.5,0.4,0,1,0,0,0,0,4.1908125,114.8,0.0,0.3333333333333333,2.0,1.0
107.0,3.0,1.0,0.3333333333333333,0.6,0,2,0,0,1.0,0,3.8575,114.8,0.3333333333333333,0.0,2.0,1.0
108.0,3.0,1.0,0.25,0.6,0,2,1,1,1.0,0,4.4762,91.0,0.5,0.0,1.75,1.0
109.0,3.0,1.0,0.2,0.6,0,2,1,2,1.0,0,3.2750714285714286,87.4,0.4,0,1.6,1.0
110.0,3.0,1.0,0.4,0.6,0,3,1,2,1.0,0,3.3042857142857143,91.6,0.6,0,1.2,1.0
111.0,3.0,6.0,0.25,0.6,0,2,1,2,1.0,0,3.9829411764705878,88.4,0.75,1.0,1.0,1.0
112.0,3.0,6.0,0.3333333333333333,0.4,0,1,1,2,1.0,0,4.090941176470588,90.0,0.6666666666666666,0.5,0.6666666666666666,1.0
113.0,3.0,6.0,0.5,0.4,0,1,0,1,1.0,0,3.5513333333333335,116.4,0.5,0.3333333333333333,0.5,1.0
114.0,3.0,6.0,1.0,0.4,0,1,0,0,1.0,0,4.101947368421053,122.2,1.0,0.25,0.0,1.0
115.0,3.0,6.0,0,0.2,0,0,0,0,0,0,4.2278095238095235,121.6,0,0.2,0,0
116.0,3.0,6.0,1.0,0.2,0,0,0,0,1.0,0,4.1370000000000005,127.2,0.0,0.0,1.0,0
117.0,3.0,6.0,0.5,0.4,0,0,0,0,1.0,0,4.732312500000001,121.0,0.0,0.0,1.0,0
118.0,3.0,6.0,0.3333333333333333,0.4,0,0,1,1,1.0,0,5.092600000000001,94.6,0.3333333333333333,0.0,1.3333333333333333,0
119.0,3.0,6.0,0.5,0.6,0,0,1,1,1.0,0,5.493181818181818,93.2,0.25,0.0,1.5,0
120.0,3.0,6.0,0.4,0.8,0,0,1,1,1.0,0,4.654384615384616,87.4,0.2,0,1.4,0
121.0,3.0,5.0,0.25,0.8,0,0,1,1,0,0,4.836928571428572,86.8,0.25,1.0,1.5,0
122.0,3.0,5.0,0.3333333333333333,0.8,0,0,1,1,1.0,0,4.532933333333333,89.2,0.3333333333333333,0.5,1.6666666666666667,0
123.0,3.0,5.0,0.5,1.0,0,0,0,0,1.0,0,4.800705882352941,112.6,0.0,0.3333333333333333,1.5,0
124.0,3.0,5.0,0.0,0.8,0,0,0,0,1.0,0.0,6.116894736842106,113.6,0.0,0.25,1.0,0
125.0,3.0,5.0,0,0.6,0,0,0,0,1.0,0.0,7.22123076923077,120.4,0,0.2,0,0
126.0,3.0,5.0,0,0.4,0,0,0,0,1.0,0.0,7.696299999999999,116.2,0,0.2,0,0
127.0,3.0,5.0,0,0.4,0,0,0,0,0,0.0,7.481199999999999,117.0,0,0.2,0,0
128.0,3.0,5.0,0,0.2,0,0,0,1,0,0.0,6.276923076923077,114.4,0,0.4,0,0
129.0,3.0,5.0,0,0.2,0,0,0,1,0,0.0,3.5707692307692307,116.4,0,0.4,0,0
130.0,3.0,5.0,0,0.4,0,0,0,1,0,0.0,3.8942142857142854,116.6,0,0.4,0,0
131.0,3.0,5.0,0,0.6,0,1,0,1,0,0.0,3.7181176470588233,119.8,0,0.4,0,1.0
132.0,3.0,5.0,0,0.4,0,1,0,1,0,0.0,3.613277777777777,124.0,0,0.6,0,1.0
133.0,3.0,5.0,0,0.6,0,1,0,0,0,0.0,3.6580000000000004,129.0,0,0.6,0,1.0
134.0,3.0,5.0,0,0.8,0,2,0,0,0,0.5,3.5627000000000004,129.2,0,0.6,0,1.0
135.0,3.0,4.0,0.0,0.8,0,2,0,0,0,0.5,3.4848095238095245,122.6,0.0,0.75,2.0,1.0
136.0,3.0,4.0,0.5,0.8,0,1,0,0,0,0.5,3.5465555555555555,123.2,0.0,0.6666666666666666,2.0,1.0
137.0,3.0,4.0,0.6666666666666666,1.0,0,1,0,0,0,1.0,3.5721875,120.4,0.0,0.5,1.6666666666666667,1.0
138.0,3.0,4.0,0.75,0.8,0,1,0,1,0,1.0,3.959,118.4,0.0,0.0,1.75,1.0
139.0,3.0,4.0,0.8,0.6,0,0,0,1,0.0,0,4.532071428571428,117.8,0.0,0,1.8,0
140.0,3.0,4.0,1.0,0.4,0,0,0,2,0.0,0,4.500666666666666,124.0,0.0,0,1.6,0
141.0,3.0,4.0,0.8,0.4,0,0,0,2,0.0,0,4.613733333333332,119.2,0.0,0,1.4,0
142.0,3.0,4.0,0.6,0.4,0,0,0,2,0.5,0,4.587411764705882,114.4,0.0,0,1.6,0
143.0,3.0,3.0,0.5,0.6,0,0,0,1,0.5,0,4.348999999999999,113.6,0.0,0.0,1.5,0
144.0,3.0,3.0,0.3333333333333333,0.6,0,0,0,1,1.0,0,4.264714285714286,112.0,0.0,0.0,1.3333333333333333,0
145.0,3.0,3.0,0.0,0.6,0,0,0,0,1.0,0,3.9459411764705883,110.2,0.0,0.0,1.5,0
146.0,3.0,3.0,0.0,0.6,0,1,0,0,1.0,0,3.6749444444444443,115.0,0.0,0.25,2.0,1.0
147.0,3.0,3.0,0,0.4,0,1,0,0,0,0,3.4740555555555552,123.0,0,0.2,0,1.0
148.0,3.0,3.0,0,0.4,0,1,0,0,0,0,3.104611111111111,124.6,0,0.2,0,1.0
149.0,3.0,3.0,0,0.6,0,1,0,0,0,0,3.646619047619047,126.4,0,0.2,0,1.0
150.0,3.0,3.0,0,0.6,0,1,0,0,0,0.0,3.4334736842105267,128.6,0,0.2,0,1.0
151.0,3.0,3.0,0,0.4,0,0,0,0,0,0.0,3.379888888888889,129.6,0,0.0,0,0
152.0,3.0,3.0,0,0.4,0,0,0,0,0,0.0,3.5919499999999998,129.6,0,0.0,0,0
153.0,3.0,3.0,0.0,0.4,0,0,0,0,0,0.0,3.487695652173913,124.6,0.0,0.0,2.0,0
154.0,3.0,3.0,0.0,0.2,0,0,0,0,0,0.0,2.9952380952380953,117.2,0.0,0.0,1.5,0
155.0,3.0,3.0,0.3333333333333333,0.4,0,1,0,0,1.0,0,3.139947368421053,113.2,0.3333333333333333,0.0,1.6666666666666667,1.0
156.0,3.0,3.0,0.5,0.6,0,2,0,0,1.0,0,3.2404285714285717,108.6,0.25,0.0,1.75,1.0
157.0,3.0,3.0,0.4,0.8,0,3,0,0,1.0,0,2.8877894736842102,106.2,0.2,0,1.6,1.0
158.0,3.0,2.0,0.5,0.6,0,3,0,0,1.0,0,2.939846153846154,109.8,0.25,0.0,1.5,1.0
159.0,3.0,2.0,0.6666666666666666,0.6,0,3,0,0,1.0,0,4.1639375,116.2,0.3333333333333333,0.0,1.6666666666666667,1.0
160.0,3.0,2.0,0.5,0.4,0,2,0,0,0,0,4.494571428571429,117.6,0.0,0.3333333333333333,1.5,1.0
161.0,3.0,2.0,0.0,0.2,0,1,0,0,0,0,4.72525,120.4,0.0,0.25,1.0,1.0
162.0,3.0,2.0,0.0,0.0,0,0,0,1,0,0,5.2112727272727275,116.4,0.0,0.25,0.0,0
163.0,3.0,2.0,0.5,0.2,0,1,0,1,1.0,0,4.736235294117646,118.0,0.0,0.3333333333333333,0.5,1.0
164.0,3.0,2.0,0.6666666666666666,0.2,0,1,0,2,0.5,0,4.207785714285714,115.4,0.0,0.5,0.3333333333333333,1.0
165.0,3.0,2.0,0.75,0.4,0,1,0,2,0.6666666666666666,0,4.513625,117.4,0.25,0.0,0.25,1.0
166.0,3.0,2.0,0.6,0.6,0,1,0,2,0.6666666666666666,0,4.292545454545454,118.2,0.2,0,0.4,1.0
167.0,3.0,2.0,0.8,0.8,0,1,0,1,0.6666666666666666,0,4.32447619047619,122.4,0.2,0,0.8,1.0
168.0,3.0,1.0,0.75,0.8,0,0,0,1,0.5,0,4.5349375,122.2,0.25,0.0,0.75,0
169.0,3.0,1.0,0.6666666666666666,0.8,0,0,0,0,1.0,0,4.4426,124.6,0.3333333333333333,0.5,1.0,0
170.0,3.0,1.0,0.5,0.8,0,0,0,0,0,0,4.0980625,120.0,0.0,0.3333333333333333,1.5,0
171.0,3.0,1.0,1.0,0.8,0,0,0,0,1.0,0,3.7853333333333334,115.0,0.0,0.25,2.0,0
172.0,3.0,1.0,0,0.6,0,0,0,0,1.0,0.0,4.335400000000001,117.2,0,0.4,0,0
173.0,3.0,1.0,0,0.4,0,0,0,1,1.0,0.0,4.2356875,113.6,0,0.4,0,0
174.0,3.0,1.0,0,0.6,0,1,0,1,1.0,0.0,3.8565217391304345,111.8,0,0.2,0,1.0
175.0,3.0,1.0,0,0.6,0,1,0,1,1.0,0.3333333333333333,3.9136956521739137,115.2,0,0.2,0,1.0
176.0,2.0,6.0,0.0,0.4,0,1,1,2,0,0.3333333333333333,4.59870588235294,94.8,1.0,0.25,2.0,1.0
177.0,2.0,6.0,0.0,0.4,0,1,2,3,0,0.5,4.3376874999999995,68.4,1.0,0.0,1.5,1.0
178.0,2.0,6.0,0.3333333333333333,0.6,0,1,2,2,0,1.0,4.091125,71.2,0.6666666666666666,0.0,1.3333333333333333,1.0
179.0,2.0,6.0,0.25,0.6,0,0,2,2,0,1.0,4.597777777777777,66.8,0.5,0.0,1.25,0
180.0,2.0,6.0,0.4,0.6,1,1,2,2,0,0,4.044333333333333,64.4,0.6,0,1.4,0.0
181.0,2.0,6.0,0.6,0.8,1,1,1,1,0,0,3.4951428571428567,87.0,0.4,0,1.4,0.0
182.0,2.0,5.0,0.75,0.8,1,1,0,0,0,0,2.0637999999999996,112.8,0.25,0.0,1.5,0.0
183.0,2.0,5.0,0.6666666666666666,0.8,1,1,0,0,0,0,2.5603333333333333,109.2,0.3333333333333333,0.5,1.6666666666666667,0.0
184.0,2.0,5.0,1.0,0.6,1,1,0,0,0,0,3.154727272727273,116.4,0.5,0.3333333333333333,2.0,0.0
185.0,2.0,5.0,1.0,0.6,0,0,0,0,0,0,3.5126666666666666,119.0,0.0,0.5,2.0,0
186.0,2.0,5.0,0,0.4,0,0,0,0,0,0,3.188916666666667,123.0,0,0.4,0,0
187.0,2.0,5.0,0,0.4,0,0,0,0,0,0,4.3966,117.2,0,0.6,0,0
188.0,2.0,5.0,0.0,0.4,0,1,0,0,0,0,3.4369333333333336,115.6,0.0,0.5,2.0,1.0
189.0,2.0,5.0,0.0,0.4,0,1,1,1,0,0,3.291833333333333,90.0,0.5,0.6666666666666666,1.5,1.0
190.0,2.0,5.0,0.3333333333333333,0.4,0,1,1,1,0,0,3.840923076923077,90.0,0.3333333333333333,0.5,1.6666666666666667,1.0
191.0,2.0,5.0,0.25,0.4,0,1,1,1,0,0,4.078214285714286,82.2,0.25,1.0,1.5,1.0
192.0,2.0,5.0,0.4,0.6,0,2,1,1,1.0,0,3.7701666666666664,84.6,0.4,0,1.6,1.0
193.0,2.0,5.0,0.6,0.6,0,1,1,1,1.0,0,4.174357142857143,87.8,0.4,0,1.2,1.0
194.0,2.0,4.0,0.75,0.6,0,1,0,0,1.0,0,4.735133333333334,113.6,0.25,1.0,1.25,1.0
195.0,2.0,4.0,0.6666666666666666,0.4,0,1,0,0,1.0,0,6.695117647058823,114.0,0.3333333333333333,0.5,1.0,1.0
196.0,2.0,4.0,1.0,0.4,0,1,0,0,1.0,0,6.645349999999999,119.8,0.5,0.6666666666666666,1.0,1.0
197.0,2.0,4.0,1.0,0.2,0,0,0,0,1.0,0,7.605625,119.2,0.0,0.75,0.0,0
198.0,2.0,4.0,0.0,0.2,0,1,0,0,0,0,7.3065,116.4,0.0,0.75,1.0,1.0
199.0,2.0,4.0,0.5,0.4,0,1,0,0,0,0,6.508166666666667,114.0,0.0,0.6666666666666666,1.5,1.0
200.0,2.0,4.0,0.6666666666666666,0.6,0,1,0,0,0,0,3.9613500000000004,112.0,0.0,1.0,1.6666666666666667,1.0
201.0,2.0,4.0,0.75,0.8,0,1,0,0,0,0,3.5793125,111.4,0.0,1.0,1.5,1.0
202.0,2.0,3.0,0.75,0.8,0,1,0,1,0,0,3.5289090909090906,110.6,0.0,1.0,1.5,1.0
203.0,2.0,3.0,1.0,0.8,0,0,0,1,0,0,3.82444,115.6,0.0,0.5,1.6666666666666667,0
204.0,2.0,3.0,1.0,0.6,0,0,0,1,0,0,3.88804347826087,114.2,0.0,0.6666666666666666,1.5,0
205.0,2.0,3.0,1.0,0.4,0,0,0,1,0,0,3.948529411764706,116.8,0.0,0.5,1.0,0
206.0,2.0,3.0,0,0.2,0,0,0,1,0,0,4.168470588235294,114.6,0,0.6,0,0
207.0,2.0,3.0,1.0,0.4,0,1,0,0,0,0,4.399153846153846,116.6,1.0,0.5,2.0,1.0
208.0,2.0,3.0,0.5,0.4,0,1,0,0,0,0,4.260083333333333,111.0,0.5,0.6666666666666666,1.0,1.0
209.0,2.0,3.0,0.6666666666666666,0.6,0,1,0,0,0,0,3.595916666666666,114.2,0.3333333333333333,0.5,1.3333333333333333,1.0
210.0,2.0,3.0,0.75,0.8,0,1,0,0,0,0,3.927333333333334,111.4,0.25,1.0,1.25,1.0
211.0,2.0,2.0,0.75,1.0,0,1,0,0,0,0,3.568230769230769,114.8,0.25,0.0,1.25,1.0
212.0,2.0,2.0,0.6666666666666666,1.0,0,0,0,0,0,0,3.6941666666666664,112.8,0.0,0.5,1.0,0
213.0,2.0,2.0,1.0,0.8,0,0,0,0,0,0,3.454875,121.0,0.0,0.3333333333333333,1.5,0
214.0,2.0,2.0,1.0,0.8,0,1,0,0,0,0,4.443615384615385,121.0,0.0,0.5,1.0,1.0
215.0,2.0,2.0,0,0.8,0,1,0,0,0,1.0,5.361250000000001,122.8,0,0.6,0,1.0
216.0,2.0,1.0,1.0,0.8,0,1,0,0,0,1.0,5.626400000000001,124.4,1.0,0.75,2.0,1.0
217.0,2.0,1.0,1.0,0.8,0,1,0,0,0,1.0,5.753285714285715,127.4,0.5,0.6666666666666666,2.0,1.0
218.0,2.0,1.0,0.6666666666666666,0.8,0,1,0,0,0,1.0,5.791266666666667,120.0,0.3333333333333333,1.0,1.6666666666666667,1.0
219.0,2.0,1.0,0.5,0.8,0,0,0,0,1.0,1.0,6.066,112.8,0.25,1.0,1.75,0
220.0,2.0,1.0,0.6,0.6,0,0,0,0,1.0,0,4.8493,111.4,0.4,0,1.8,0
221.0,2.0,1.0,0.4,0.4,0,0,0,1,0.5,0,4.315315789473684,102.2,0.2,0,1.6,0
222.0,2.0,1.0,0.4,0.4,1,1,0,1,0.5,0,4.053789473684211,101.2,0.4,0,1.6,0.0
223.0,2.0,1.0,0.4,0.4,1,1,1,2,0.5,0,4.260294117647058,82.0,0.6,0,1.6,0.0
224.0,2.0,1.0,0.6,0.4,1,1,1,2,0.5,0,3.858,87.4,0.6,0,1.6,0.0
225.0,2.0,1.0,0.6,0.6,1,1,1,2,0.5,0,3.7680555555555557,86.4,0.4,0,1.6,0.0
5.0,3.0,6.0,0.4,0.4,0,1,0,2,0,0,3.472400000000001,111.4,0.2,0,0.4,1.0
6.0,3.0,6.0,0.6,0.4,0,1,0,2,0,0,3.4372000000000003,117.4,0.2,0,0.8,1.0
7.0,3.0,6.0,0.6,0.6,0,2,0,2,0,0,3.6660357142857145,114.6,0.4,0,0.8,1.0
8.0,3.0,6.0,0.8,0.8,0,2,0,1,0,0,3.6500000000000004,117.8,0.4,0,1.0,1.0
9.0,3.0,5.0,0.75,0.6,0,1,0,2,0,0,3.896304347826087,114.6,0.5,1.0,1.0,1.0
10.0,3.0,5.0,1.0,0.8,0,1,0,1,0,0,4.3309999999999995,93.6,0.3333333333333333,0.5,1.0,1.0
11.0,3.0,5.0,1.0,0.6,0,1,0,1,0,0,4.528238095238095,90.6,0.5,0.3333333333333333,0.5,1.0
12.0,3.0,5.0,1.0,0.4,0,0,0,1,0.0,0,4.26384,94.0,0.0,0.5,1.0,0
13.0,3.0,5.0,0,0.2,0,0,0,1,0.0,0,4.426047619047619,92.8,0,0.6,0,0
14.0,3.0,5.0,0.0,0.4,0,0,0,0,0.0,0,4.530947368421053,93.2,0.0,0.5,1.0,0
15.0,3.0,5.0,0.5,0.4,0,0,0,0,0.0,0,4.06265,118.2,0.0,0.6666666666666666,1.5,0
16.0,3.0,5.0,0.6666666666666666,0.6,0,1,0,0,0.5,0,3.6244,117.0,0.0,1.0,1.3333333333333333,1.0
17.0,3.0,5.0,0.5,0.6,0,1,0,0,1.0,0,3.1189999999999998,109.6,0.0,1.0,1.25,1.0
18.0,3.0,5.0,0.6,0.6,0,1,0,1,1.0,0,2.9385,112.2,0.0,0,1.2,1.0
19.0,3.0,5.0,0.8,0.6,0,2,0,1,1.0,0,2.679428571428571,114.0,0.2,0,1.4,1.0
20.0,3.0,4.0,0.75,0.6,0,2,0,1,1.0,0,2.824933333333333,112.4,0.25,0.0,1.25,1.0
21.0,3.0,4.0,0.6666666666666666,0.6,0,1,0,1,0,0,2.7271666666666667,112.4,0.3333333333333333,0.0,1.3333333333333333,1.0
22.0,3.0,4.0,1.0,0.6,0,1,0,1,0,0,4.113727272727274,114.8,0.5,0.3333333333333333,1.5,1.0
23.0,3.0,4.0,1.0,0.6,0,1,0,0,0,0,4.985200000000001,115.8,1.0,0.5,2.0,1.0
24.0,3.0,4.0,0,0.4,0,0,0,0,0,0,5.0912500000000005,113.8,0,0.4,0,0
25.0,3.0,4.0,0,0.4,0,0,0,0,0,0,3.9275000000000007,109.4,0,0.6,0,0
26.0,3.0,4.0,0,0.2,0,0,0,0,0,0,3.8524210526315787,109.8,0,0.6,0,0
27.0,3.0,4.0,0,0.2,0,0,0,0,0,0,3.0386842105263163,109.0,0,0.4,0,0
28.0,3.0,4.0,1.0,0.2,0,0,0,0,0,0,3.105272727272727,105.0,0.0,0.25,0.0,0
29.0,3.0,4.0,0.5,0.4,0,0,0,0,0,0,2.5027999999999997,104.0,0.0,0.3333333333333333,0.5,0
30.0,3.0,4.0,0.6666666666666666,0.2,0,0,0,0,0,0,3.01075,108.0,0.0,0.0,0.6666666666666666,0
31.0,3.0,4.0,0.5,0.4,0,0,0,0,1.0,0,3.1791666666666667,108.4,0.0,0.0,1.0,0
32.0,3.0,4.0,0.4,0.6,0,0,0,0,1.0,0,3.4951153846153846,107.2,0.0,0,1.0,0
33.0,3.0,4.0,0.4,0.8,0,0,0,0,1.0,0,3.5754814814814817,105.8,0.2,0,1.4,0
34.0,3.0,3.0,0.5,0.8,0,0,0,0,1.0,0,3.859863636363637,108.8,0.25,0.0,1.5,0
35.0,3.0,3.0,0.3333333333333333,1.0,0,1,0,0,1.0,0,3.9471363636363637,108.8,0.3333333333333333,0.5,1.6666666666666667,1.0
36.0,3.0,3.0,0.5,0.8,0,1,0,0,1.0,0,4.107,109.6,0.5,0.3333333333333333,1.5,1.0
37.0,3.0,3.0,1.0,0.6,0,1,0,0,1.0,0,4.288222222222222,114.4,1.0,0.25,2.0,1.0
38.0,3.0,3.0,0,0.4,0,1,0,0,0,0,4.264571428571428,118.8,0,0.2,0,1.0
39.0,3.0,3.0,0,0.2,0,1,0,1,0,0,4.289933333333333,120.6,0,0.4,0,1.0
40.0,3.0,3.0,0.0,0.0,0,0,0,1,0.0,0,4.00521052631579,120.2,0.0,0.25,1.0,0
41.0,3.0,3.0,0.5,0.2,0,1,0,1,0.0,0,3.638809523809524,116.0,0.5,0.3333333333333333,1.5,1.0
42.0,3.0,3.0,0.6666666666666666,0.4,0,1,0,1,0.0,0,3.356066666666666,118.2,0.6666666666666666,0.5,1.6666666666666667,1.0
43.0,3.0,3.0,0.5,0.6,0,1,0,1,0.0,0,3.2155789473684204,112.2,0.75,1.0,1.25,1.0
44.0,3.0,3.0,0.6,0.8,0,2,0,0,0.5,0,3.2172105263157897,112.4,0.6,0,1.4,1.0
45.0,3.0,2.0,0.75,0.8,0,2,0,0,1.0,0,3.2322857142857138,115.4,0.75,0.0,1.5,1.0
46.0,3.0,2.0,0.6666666666666666,0.6,0,1,0,1,1.0,0,3.8674444444444447,119.2,0.6666666666666666,0.5,1.3333333333333333,1.0
47.0,3.0,2.0,0.5,0.4,0,1,0,1,1.0,0,3.730272727272727,117.0,0.5,0.3333333333333333,1.0,1.0
48.0,3.0,2.0,1.0,0.4,0,2,0,1,1.0,0,3.5369473684210524,118.0,0.0,0.25,2.0,1.0
49.0,3.0,2.0,0,0.4,0,1,0,1,0,0,3.469722222222222,118.4,0,0.2,0,1.0
50.0,3.0,2.0,0,0.4,0,1,0,2,0,0,3.6846666666666668,114.2,0,0.2,0,1.0
51.0,3.0,2.0,1.0,0.4,0,1,0,2,0.0,0,3.524333333333333,113.0,1.0,0.0,2.0,1.0
52.0,3.0,2.0,0.5,0.4,0,1,0,2,0.0,0,3.9537857142857145,108.0,0.5,0.0,1.5,1.0
53.0,3.0,2.0,0.6666666666666666,0.4,0,0,0,2,0.0,0,4.2194666666666665,111.2,0.3333333333333333,0.0,1.3333333333333333,0
54.0,3.0,2.0,0.75,0.4,0,1,0,2,0.5,0,4.0878125,111.6,0.5,0.0,1.5,1.0
55.0,3.0,2.0,0.8,0.6,0,1,0,1,0.5,0,4.023499999999999,116.6,0.6,0,1.4,1.0
56.0,3.0,2.0,0.6,0.8,0,1,0,0,1.0,0,3.9629230769230768,114.2,0.4,0,1.2,1.0
57.0,3.0,1.0,0.75,0.8,0,1,0,0,1.0,0,4.128416666666666,120.2,0.5,0.0,1.25,1.0
58.0,3.0,1.0,0.6666666666666666,0.6,0,1,0,1,1.0,0,3.8361875000000003,121.2,0.6666666666666666,0.5,1.3333333333333333,1.0
59.0,3.0,1.0,0.5,0.4,0,0,0,2,0,0,4.339611111111111,120.8,0.5,0.3333333333333333,1.0,0
60.0,3.0,1.0,0.0,0.4,0,1,0,2,0,0,4.022761904761905,120.4,0.0,0.25,1.0,1.0
61.0,3.0,1.0,0,0.4,0,2,0,2,0,0,3.915681818181818,123.8,0,0.2,0,1.0
62.0,3.0,1.0,0,0.6,0,2,0,2,0,0,3.8322258064516133,121.0,0,0.2,0,1.0
63.0,3.0,1.0,0,0.6,0,2,0,1,0,0,4.003851851851852,121.6,0,0.0,0,1.0
64.0,3.0,1.0,0,0.6,0,2,0,0,0,0,4.054379310344828,120.4,0,0.0,0,1.0
65.0,3.0,2.0,0.0,0.4,0,1,1,1,0,0,4.339600000000001,94.4,1.0,0.0,1.0,1.0
66.0,3.0,2.0,0.0,0.2,0,0,1,1,0,0,4.4351379310344825,89.6,0.5,0.0,0.5,0
67.0,3.0,2.0,0.0,0.2,0,0,1,1,0,0,4.317136363636364,88.4,0.6666666666666666,0.0,0.6666666666666666,0
68.0,3.0,2.0,0.25,0.4,0,0,1,1,1.0,0,4.621681818181818,86.4,0.75,0.0,0.75,0
69.0,3.0,2.0,0.4,0.6,0,0,1,1,1.0,0,4.1348125,86.8,0.6,0,1.0,0
70.0,3.0,2.0,0.4,0.8,0,1,0,0,1.0,0,3.688947368421053,108.2,0.4,0,1.0,1.0
71.0,3.0,1.0,0.5,0.8,0,1,0,0,1.0,0,3.2481875000000002,115.4,0.5,0.0,1.25,1.0
72.0,3.0,1.0,0.6666666666666666,0.8,0,1,0,0,1.0,0,3.389384615384615,118.4,0.3333333333333333,0.0,1.3333333333333333,1.0
73.0,3.0,1.0,0.5,0.8,0,1,0,0,0,0,2.9234166666666663,118.4,0.0,0.0,1.5,1.0
74.0,3.0,1.0,0.0,0.6,0,1,0,1,0,0,3.0130714285714286,119.0,0.0,0.25,1.0,1.0
75.0,3.0,1.0,0,0.4,0,0,0,1,0,0,3.414055555555555,120.2,0,0.2,0,0
76.0,3.0,1.0,0,0.4,0,0,0,1,0,0,3.5170909090909093,115.8,0,0.2,0,0
77.0,3.0,1.0,1.0,0.4,0,0,0,1,0,0,3.539518518518519,115.8,0.0,0.25,1.0,0
78.0,3.0,1.0,1.0,0.2,0,0,0,1,0,0,3.6742307692307694,118.4,0.0,0.25,1.0,0
79.0,3.0,1.0,1.0,0.4,0,1,0,0,0,0,3.8936666666666664,118.4,0.0,0.0,1.0,1.0
80.0,3.0,1.0,1.0,0.4,0,1,0,0,0,0,3.9352333333333336,118.4,0.0,0.0,1.5,1.0
81.0,3.0,1.0,0.6666666666666666,0.6,0,2,0,0,0,0,3.9332499999999997,118.6,0.3333333333333333,0.0,1.0,0.5
82.0,3.0,1.0,0.5,0.4,0,2,0,0,0,0,3.8115,120.2,0.5,0.0,1.0,0.5
83.0,3.0,1.0,0.5,0.6,0,2,0,0,0,0,3.5886470588235295,94.8,0.5,0.0,1.0,0.5
84.0,3.0,1.0,0.6666666666666666,0.6,0,1,0,0,0,0,2.84875,93.8,0.6666666666666666,0.0,1.0,0.0
85.0,3.0,1.0,0.3333333333333333,0.8,0,1,0,0,1.0,0,4.708857142857142,91.8,0.6666666666666666,0.0,0.3333333333333333,0.0
86.0,3.0,1.0,0.5,0.8,0,1,0,0,1.0,0,4.79675,94.8,0.5,0.0,0.5,1.0
87.0,2.0,6.0,0.5,1.0,0,2,0,0,1.0,0,4.663692307692308,89.4,0.5,0.0,0.5,1.0
88.0,2.0,6.0,0.5,0.8,0,2,0,0,1.0,0,4.565,113.8,0.5,0.0,0.5,1.0
89.0,2.0,6.0,0.0,0.6,0,2,0,0,1.0,0,4.7730500000000005,109.0,0.0,0.0,0.0,1.0
90.0,2.0,6.0,0,0.4,0,2,0,0,0,0,4.1846000000000005,112.2,0,0.2,0,1.0
91.0,2.0,6.0,0,0.2,0,1,0,0,0.0,0,4.525578947368421,107.2,0,0.2,0,1.0
92.0,2.0,6.0,0.0,0.2,0,0,0,0,0.0,0,4.146166666666667,106.2,0.0,0.25,2.0,0
93.0,2.0,6.0,0.0,0.4,0,1,0,0,0.0,0,3.713041666666667,100.8,0.0,0.3333333333333333,1.0,1.0
94.0,2.0,6.0,0.3333333333333333,0.6,0,1,0,0,0.0,0,3.59895,103.4,0.3333333333333333,0.5,1.3333333333333333,1.0
95.0,2.0,6.0,0.5,0.8,0,1,0,0,0.0,0,3.656277777777778,98.2,0.25,0.0,1.25,1.0
96.0,2.0,5.0,0.5,0.8,0,1,0,0,0,0,3.360777777777778,100.0,0.25,0.0,1.25,1.0
97.0,2.0,5.0,0.6666666666666666,0.6,0,1,0,0,0,0,3.4933749999999995,102.4,0.3333333333333333,0.0,1.0,1.0
98.0,2.0,5.0,1.0,0.4,0,0,0,0,0,0,5.867999999999999,104.4,0.5,0.0,1.5,0
99.0,2.0,5.0,1.0,0.4,0,0,0,0,0,0,5.1085714285714285,107.0,0.0,0.0,1.0,0
100.0,2.0,5.0,0,0.2,0,0,0,0,0,0,4.708444444444444,113.4,0,0.0,0,0
101.0,2.0,5.0,0.0,0.4,0,0,0,0,1.0,0,4.4457272727272725,113.6,0.0,0.0,0.0,0
102.0,2.0,5.0,0.5,0.4,0,0,0,0,1.0,0,5.1532857142857145,116.4,0.0,0.0,1.0,0
103.0,2.0,5.0,0.6666666666666666,0.6,0,0,0,0,1.0,0,4.386142857142858,117.8,0.3333333333333333,0.0,1.3333333333333333,0
104.0,2.0,5.0,0.75,0.6,0,1,0,0,1.0,0,4.3308,116.6,0.25,0.0,1.5,1.0
105.0,2.0,5.0,0.8,0.6,0,1,0,0,1.0,0,3.9910714285714293,113.4,0.4,0,1.6,1.0
106.0,2.0,5.0,1.0,0.4,0,1,0,0,1.0,0,4.176384615384615,116.4,0.4,0,1.8,1.0
107.0,2.0,5.0,1.0,0.6,0,1,0,0,1.0,0,3.4313571428571423,113.8,0.4,0,1.4,1.0
108.0,2.0,5.0,1.0,0.6,0,1,0,0,1.0,0,3.5061428571428572,116.0,0.4,0,1.4,1.0
109.0,2.0,4.0,1.0,0.4,0,0,0,0,0,0,3.5367142857142855,116.6,0.5,0.0,1.25,0
110.0,2.0,4.0,1.0,0.4,0,0,0,0,0,0,3.897384615384615,121.2,0.3333333333333333,0.0,1.0,0
111.0,2.0,4.0,1.0,0.4,0,0,0,0,0,0,3.917583333333333,121.2,0.5,0.0,1.0,0
112.0,2.0,4.0,1.0,0.2,0,0,0,0,0,0,3.5182499999999997,120.6,1.0,0.25,2.0,0
113.0,2.0,4.0,1.0,0.2,0,1,0,0,0,0,3.0927499999999997,121.2,0.0,0.25,0.0,0.0
114.0,2.0,4.0,1.0,0.4,1,2,0,0,0,0,1.9551666666666667,123.0,0.0,0.3333333333333333,0.0,0.0
115.0,2.0,4.0,1.0,0.6,1,3,0,0,1.0,0,0.857375,122.6,0.0,0.5,0.0,0.3333333333333333
116.0,2.0,4.0,0.75,0.8,1,3,0,0,1.0,0,0.246875,122.8,0.0,1.0,0.0,0.3333333333333333
117.0,2.0,3.0,0.75,0.8,1,3,0,0,1.0,0,0.90925,125.0,0.0,0.0,0.0,0.3333333333333333
118.0,2.0,3.0,0.6666666666666666,0.6,1,2,0,0,1.0,0,1.04925,124.8,0.0,0.0,0.0,0.5
119.0,2.0,3.0,0.5,0.4,0,1,0,0,1.0,0,2.142125,125.0,0.0,0.0,0.0,1.0
120.0,2.0,3.0,0.0,0.2,0,0,0,0,0,0,3.0128333333333335,125.4,0.0,0.0,0.0,0
121.0,2.0,3.0,1.0,0.2,0,0,0,0,0,0,3.612666666666667,122.6,0.0,0.0,1.0,0
122.0,2.0,3.0,1.0,0.4,0,0,0,0,0,0,2.82125,122.4,0.0,0.0,1.0,0
123.0,2.0,3.0,1.0,0.6,0,1,0,0,0,0,3.6934166666666663,123.2,0.0,0.0,1.3333333333333333,1.0
124.0,2.0,3.0,1.0,0.6,0,1,0,0,0,0,3.1133333333333324,120.4,0.25,0.0,1.5,1.0
125.0,2.0,3.0,1.0,0.8,0,1,0,0,0,0,3.4764,118.6,0.4,0,1.2,1.0
126.0,2.0,2.0,1.0,0.8,0,1,0,0,0,0,3.9096818181818183,122.4,0.5,0.0,1.25,1.0
127.0,2.0,2.0,1.0,0.6,0,1,0,0,0,0,3.7387333333333332,124.8,0.6666666666666666,0.0,1.3333333333333333,1.0
128.0,2.0,2.0,1.0,0.6,0,0,0,0,0,0,3.6092,99.0,1.0,0.0,1.0,0
129.0,2.0,2.0,1.0,0.6,0,0,0,0,0,0,3.8153636363636356,100.4,1.0,0.0,0.0,0
130.0,2.0,2.0,0,0.6,0,0,0,0,0,0,3.7852592592592593,96.0,0,0.2,0,0
131.0,2.0,2.0,0,0.6,0,1,0,0,0,1.0,3.332142857142857,90.0,0,0.4,0,1.0
132.0,2.0,1.0,1.0,0.8,0,1,0,0,0,1.0,3.7636363636363637,89.8,0.0,0.5,2.0,1.0
133.0,2.0,1.0,1.0,0.8,0,1,0,0,1.0,1.0,3.8836666666666666,115.2,0.5,0.6666666666666666,2.0,1.0
134.0,2.0,1.0,1.0,1.0,0,2,0,0,1.0,1.0,3.37225,115.4,0.3333333333333333,1.0,1.6666666666666667,1.0
135.0,2.0,1.0,0.75,0.8,0,2,0,0,0.6666666666666666,1.0,3.5984166666666666,114.6,0.5,1.0,1.5,1.0
136.0,2.0,1.0,0.6,0.8,0,1,0,0,0.6666666666666666,0,3.931090909090909,115.6,0.4,0,1.2,1.0
137.0,1.0,6.0,0.5,0.6,0,1,0,0,0.6666666666666666,0,3.4875454545454545,113.2,0.5,0.0,1.0,1.0
138.0,1.0,6.0,0.3333333333333333,0.4,0,1,0,0,0.5,0,3.8718181818181816,111.4,0.3333333333333333,0.5,0.6666666666666666,1.0
139.0,1.0,6.0,0.0,0.2,0,0,0,0,0.0,0,4.972,107.6,0.5,0.6666666666666666,0.5,0
140.0,1.0,6.0,0.0,0.2,0,0,0,0,0,0,4.423875,110.6,0.0,0.75,0.0,0
141.0,1.0,6.0,1.0,0.2,1,1,0,0,0,0,3.918125,116.0,1.0,0.75,2.0,0.0
142.0,1.0,6.0,0.5,0.4,1,1,0,0,0,0,4.5873,112.6,0.5,1.0,1.0,0.0
143.0,1.0,6.0,0.6666666666666666,0.6,1,1,0,0,0,0,4.2062,114.2,0.3333333333333333,1.0,1.0,0.0
144.0,1.0,6.0,0.5,0.8,1,2,0,0,1.0,0,4.4669,111.4,0.5,1.0,1.25,0.5
145.0,1.0,5.0,0.5,1.0,1,2,0,0,1.0,0,4.761090909090909,112.6,0.5,0.0,1.25,0.5
146.0,1.0,5.0,0.3333333333333333,0.8,0,1,0,0,1.0,0,4.771733333333334,111.0,0.3333333333333333,0.5,1.0,1.0
147.0,1.0,5.0,0.5,0.8,0,1,0,0,1.0,0,4.440375,112.6,0.5,0.3333333333333333,1.5,1.0
148.0,1.0,5.0,0.0,0.6,0,1,0,0,1.0,0,4.221611111111112,113.0,1.0,0.25,2.0,1.0
149.0,1.0,5.0,0,0.4,0,0,0,0,0,0,4.3014375000000005,120.8,0,0.2,0,0
150.0,1.0,5.0,0,0.2,0,0,0,0,0,0,4.240266666666667,122.4,0,0.2,0,0
151.0,1.0,5.0,1.0,0.4,1,1,0,0,0,0,4.054272727272728,120.2,1.0,0.0,2.0,0.0
152.0,1.0,5.0,1.0,0.4,1,2,0,0,0,0,3.8231,123.0,1.0,0.0,1.5,0.5
153.0,1.0,5.0,0.6666666666666666,0.6,1,2,0,0,0,0,3.828125,118.6,0.6666666666666666,0.0,1.3333333333333333,0.5
154.0,1.0,5.0,0.75,0.8,2,3,0,0,0,0,3.491375,110.4,0.75,0.0,1.5,0.3333333333333333
155.0,1.0,4.0,0.75,1.0,2,3,0,0,1.0,0,4.700545454545455,107.0,0.75,1.0,1.5,0.3333333333333333
156.0,1.0,4.0,0.6666666666666666,1.0,1,3,0,0,1.0,0,4.533083333333333,107.0,0.6666666666666666,0.5,1.3333333333333333,0.6666666666666666
157.0,1.0,4.0,0.5,0.8,1,2,0,0,1.0,0,5.8675,104.0,0.5,0.3333333333333333,1.5,0.5
158.0,1.0,4.0,1.0,0.8,1,3,0,0,1.0,0,5.848411764705883,108.4,1.0,0.25,2.0,0.6666666666666666
159.0,1.0,4.0,0,0.8,0,2,0,0,1.0,1.0,5.764888888888889,114.4,0,0.4,0,1.0
160.0,1.0,3.0,1.0,0.6,0,2,0,0,0,1.0,5.006125,118.2,0.0,0.25,1.0,1.0
161.0,1.0,3.0,0.5,0.6,0,1,0,0,0,1.0,5.2148666666666665,115.4,0.0,0.3333333333333333,0.5,1.0
162.0,1.0,3.0,0.3333333333333333,0.8,0,1,0,0,0,1.0,4.378846153846154,115.8,0.0,0.5,0.6666666666666666,1.0
163.0,1.0,3.0,0.5,0.8,0,0,0,0,1.0,1.0,3.608625,114.8,0.0,1.0,1.0,0
164.0,1.0,3.0,0.6,0.8,0,1,0,0,1.0,0,3.709636363636364,112.8,0.0,0,0.8,1.0
165.0,1.0,2.0,0.5,0.8,0,1,0,0,0.5,0,3.4861875,106.2,0.0,1.0,0.75,1.0
166.0,1.0,2.0,0.6666666666666666,0.8,0,2,0,0,0.5,0,3.3102608695652167,105.4,0.0,1.0,1.0,1.0
167.0,1.0,2.0,1.0,0.6,0,2,0,0,0.5,0,3.367608695652174,107.0,0.0,1.0,1.0,1.0
168.0,1.0,2.0,1.0,0.6,0,2,0,0,0.0,0,3.620692307692308,101.0,0.0,0.75,0.0,1.0
169.0,1.0,2.0,0,0.4,0,1,0,0,0.0,0,3.3510454545454547,104.0,0,0.6,0,1.0
170.0,1.0,2.0,0,0.4,0,1,0,0,0,0,3.7911874999999995,108.4,0,0.4,0,1.0
171.0,1.0,2.0,0.0,0.4,0,0,0,0,1.0,0,4.32835294117647,113.8,0.0,0.25,0.0,0
172.0,1.0,2.0,0.0,0.4,0,0,0,0,1.0,0,4.054944444444445,109.4,0.0,0.0,0.5,0
173.0,1.0,2.0,0.3333333333333333,0.4,0,0,0,0,1.0,0,3.7396470588235293,114.2,0.0,0.0,0.3333333333333333,0
174.0,1.0,2.0,0.5,0.6,0,1,0,0,1.0,0,4.098411764705882,111.8,0.25,0.0,0.25,0.0
175.0,1.0,2.0,0.4,0.8,0,1,0,0,1.0,0,3.8344117647058824,108.4,0.2,0,0.4,0.0
176.0,1.0,1.0,0.5,0.6,0,1,0,0,1.0,0,4.457090909090909,109.2,0.25,0.0,0.5,0.0
177.0,1.0,1.0,0.6666666666666666,0.8,0,2,0,0,1.0,0,4.488615384615384,110.0,0.3333333333333333,0.0,0.3333333333333333,0.5
178.0,1.0,1.0,0.5,0.8,0,2,0,0,1.0,0,4.400785714285715,110.4,0.5,0.3333333333333333,0.5,0.5
179.0,1.0,1.0,0.0,0.6,0,1,0,0,1.0,0,4.314750000000001,109.2,0.0,0.25,1.0,1.0
180.0,1.0,1.0,0,0.6,0,1,0,0,1.0,0,4.121647058823529,111.8,0,0.4,0,1.0
181.0,1.0,1.0,0,0.6,0,1,0,0,1.0,0.0,3.766,112.8,0,0.6,0,1.0
182.0,1.0,1.0,0,0.4,0,0,0,0,0,0.0,3.8388571428571434,119.6,0,0.6,0,0
183.0,1.0,1.0,0,0.2,0,0,0,0,0,0.0,3.9687272727272727,121.8,0,0.4,0,0
184.0,1.0,1.0,1.0,0.4,0,0,0,0,1.0,0.0,3.4426363636363635,122.6,0.0,0.5,1.0,0
185.0,1.0,1.0,0.5,0.4,0,0,0,0,1.0,0.0,3.64925,118.8,0.0,0.3333333333333333,1.0,0
186.0,1.0,1.0,0.6666666666666666,0.6,0,0,0,0,1.0,0,3.3166666666666664,118.4,0.0,0.0,1.3333333333333333,0
187.0,1.0,1.0,0.5,0.6,0,0,1,1,1.0,0,3.6940000000000004,92.4,0.25,0.0,1.0,0
188.0,1.0,1.0,0.6,0.6,0,0,1,1,1.0,0,3.9311666666666674,92.0,0.2,0,1.2,0
189.0,1.0,1.0,0.4,0.6,0,0,1,1,1.0,0,4.0535,88.4,0.2,0,1.2,0
5.0,3.0,5.0,0.75,0.8,0,1,0,1,1.0,0,4.342722222222222,106.8,0.5,1.0,2.0,1.0
6.0,3.0,5.0,0.6666666666666666,0.6,0,1,0,1,1.0,0,4.313272727272727,109.2,0.3333333333333333,0.5,2.0,1.0
7.0,3.0,5.0,1.0,0.6,0,1,0,1,1.0,0,4.1809473684210525,110.2,0.5,0.6666666666666666,2.0,1.0
8.0,3.0,5.0,1.0,0.4,0,0,0,1,1.0,0,4.159294117647058,113.2,0.0,0.5,2.0,0
9.0,3.0,5.0,0,0.2,0,0,0,1,1.0,0,4.323368421052632,115.6,0,0.4,0,0
10.0,3.0,5.0,1.0,0.4,0,0,0,0,1.0,0,4.438076923076923,113.4,0.0,0.25,1.0,0
11.0,3.0,5.0,1.0,0.4,0,0,0,1,1.0,0,4.4484,111.0,0.0,0.3333333333333333,1.5,0
12.0,3.0,5.0,1.0,0.4,0,0,0,1,0,0,3.9568888888888885,113.8,0.0,0.0,1.6666666666666667,0
13.0,3.0,5.0,0.75,0.4,0,0,0,1,0,0,4.5571,107.6,0.0,0.0,1.5,0
14.0,3.0,5.0,0.8,0.6,0,0,0,1,0,0,4.1104375,105.2,0.0,0,1.4,0
15.0,3.0,5.0,0.8,0.4,0,0,0,1,0,0,3.584481481481481,102.8,0.2,0,1.6,0
16.0,3.0,5.0,0.6,0.6,0,0,0,0,0,0,3.56425,100.8,0.2,0,1.6,0
17.0,3.0,5.0,0.6,0.4,0,0,0,0,0,0,3.91930303030303,102.4,0.2,0,1.6,0
18.0,3.0,5.0,0.8,0.6,0,0,0,0,1.0,0,4.0490625,107.8,0.2,0,1.8,0
19.0,3.0,5.0,0.6,0.6,0,0,0,0,1.0,0,3.9892083333333335,106.0,0.2,0,1.8,0
20.0,3.0,4.0,0.5,0.8,0,1,0,0,1.0,0,4.637090909090909,111.0,0.0,1.0,1.75,1.0
21.0,3.0,4.0,0.6666666666666666,0.6,0,1,0,0,1.0,0,4.926454545454546,115.0,0.0,0.5,1.6666666666666667,1.0
22.0,3.0,4.0,0.5,0.6,0,1,0,0,1.0,0,5.267764705882354,117.2,0.0,0.6666666666666666,1.5,1.0
23.0,3.0,4.0,0.0,0.4,0,1,0,0,0.0,0,4.783142857142858,113.2,0.0,0.5,1.0,1.0
24.0,3.0,4.0,0,0.4,0,1,0,0,0.0,0,4.937318181818182,118.8,0,0.6,0,1.0
25.0,3.0,4.0,0,0.2,0,0,0,0,0.0,0,4.79,116.2,0,0.6,0,0
26.0,3.0,4.0,0.0,0.2,0,0,0,0,0.0,0,4.303666666666666,111.2,0.0,0.75,1.0,0
27.0,3.0,4.0,0.5,0.4,0,0,0,0,0.5,0,4.4351666666666665,110.8,0.5,0.6666666666666666,1.5,0
28.0,3.0,4.0,0.6666666666666666,0.6,0,1,0,0,1.0,0,4.4615833333333335,115.4,0.3333333333333333,1.0,1.6666666666666667,1.0
29.0,3.0,4.0,0.5,0.4,0,1,0,1,1.0,0,4.307,109.6,0.5,1.0,1.75,1.0
30.0,3.0,4.0,0.6,0.6,0,2,0,1,1.0,0,4.614833333333333,109.4,0.4,0,1.6,1.0
31.0,3.0,4.0,0.8,0.8,0,3,0,1,1.0,0,5.005173913043478,113.0,0.4,0,1.8,1.0
32.0,3.0,3.0,0.75,0.6,0,3,0,1,1.0,0,4.728148148148149,110.8,0.25,0.0,1.75,1.0
33.0,3.0,3.0,0.6666666666666666,0.6,0,2,0,1,1.0,0,4.676875,104.8,0.3333333333333333,0.0,1.6666666666666667,1.0
34.0,3.0,3.0,1.0,0.8,0,2,0,0,1.0,0,4.778735294117647,107.4,0.0,0.0,1.5,1.0
35.0,3.0,3.0,1.0,0.6,0,1,0,0,1.0,0,4.605952380952381,110.6,0.0,0.0,2.0,1.0
36.0,3.0,3.0,0,0.4,0,0,0,1,1.0,0,4.693619047619047,107.2,0,0.0,0,0
37.0,3.0,3.0,0,0.4,0,0,0,1,1.0,0,4.7252368421052635,109.0,0,0.0,0,0
38.0,3.0,3.0,1.0,0.2,0,0,0,2,1.0,0,4.963266666666668,114.2,1.0,0.0,2.0,0
39.0,3.0,3.0,1.0,0.2,0,1,0,2,1.0,0,4.793714285714286,116.4,0.5,0.0,2.0,1.0
40.0,3.0,3.0,0.6666666666666666,0.4,0,1,0,2,1.0,0,4.299761904761905,110.8,0.3333333333333333,0.0,1.6666666666666667,1.0
41.0,3.0,3.0,0.75,0.6,0,2,0,1,1.0,0,3.871391304347826,115.8,0.25,0.0,1.25,1.0
42.0,3.0,3.0,0.8,0.8,0,2,0,1,1.0,0,3.76292,115.8,0.2,0,1.4,1.0
43.0,3.0,2.0,0.75,1.0,0,2,0,0,1.0,0,3.8235172413793106,113.8,0.0,1.0,1.25,1.0
44.0,3.0,2.0,0.6666666666666666,0.8,0,1,0,0,1.0,0,4.420275862068965,115.2,0.0,0.5,1.0,1.0
45.0,3.0,2.0,1.0,0.6,0,1,0,0,1.0,0,4.906052631578947,120.6,0.0,0.3333333333333333,1.0,1.0
46.0,3.0,2.0,1.0,0.6,0,1,0,0,0,0,5.1849375,120.4,0.0,0.5,2.0,1.0
47.0,3.0,2.0,0,0.6,0,1,0,0,1.0,0,6.222294117647059,119.0,0,0.4,0,1.0
48.0,3.0,2.0,0,0.6,0,1,0,0,1.0,1.0,6.604153846153846,116.4,0,0.2,0,1.0
49.0,3.0,1.0,0.0,0.8,0,1,0,0,1.0,1.0,5.812,113.2,0.0,0.25,1.0,1.0
50.0,3.0,1.0,0.0,1.0,0,1,0,0,1.0,1.0,6.211636363636364,106.0,0.0,0.3333333333333333,0.5,1.0
51.0,3.0,1.0,0.3333333333333333,1.0,0,0,0,0,1.0,1.0,6.4355,103.2,0.0,0.0,0.6666666666666666,0
52.0,3.0,1.0,0.5,1.0,0,0,0,0,1.0,1.0,4.962142857142857,103.4,0.0,0.0,1.0,0
53.0,2.0,6.0,0.5,0.8,0,0,0,0,1.0,0,5.219,105.8,0.0,1.0,1.0,0
54.0,2.0,6.0,0.6666666666666666,0.6,0,0,0,0,1.0,0,4.6057500000000005,102.0,0.0,1.0,1.0,0
55.0,2.0,6.0,1.0,0.4,0,0,0,0,1.0,0,4.5430625000000004,108.4,0.0,0.6666666666666666,1.5,0
56.0,2.0,6.0,1.0,0.2,0,0,0,0,1.0,0,4.46325,108.6,0.0,0.5,2.0,0
57.0,2.0,6.0,1.0,0.2,0,0,0,0,0,0,4.141066666666666,107.2,0.0,0.5,1.0,0
58.0,2.0,6.0,0.5,0.2,0,0,0,1,0,0,3.7591200000000002,107.0,0.5,0.3333333333333333,1.5,0
59.0,2.0,6.0,0.6666666666666666,0.4,1,1,0,1,0,0,3.727952380952382,114.2,0.3333333333333333,0.0,1.6666666666666667,0.0
60.0,2.0,6.0,0.5,0.4,1,1,0,2,0,0,3.993166666666667,109.0,0.25,0.0,1.5,0.0
61.0,2.0,6.0,0.4,0.4,1,1,1,3,0,0,4.042578947368421,87.2,0.4,0,1.4,0.0
62.0,2.0,6.0,0.4,0.4,2,2,1,3,0,0,3.839666666666667,88.6,0.6,0,1.6,0.0
63.0,2.0,6.0,0.6,0.6,2,2,1,2,0,0,3.911375,91.6,0.4,0,1.2,0.0
64.0,2.0,6.0,0.6,0.4,1,1,1,2,0.0,0,5.846272727272727,89.4,0.4,0,1.2,0.0
65.0,2.0,6.0,0.8,0.6,1,2,1,1,0.5,0,5.542199999999999,92.0,0.6,0,1.4,0.5
66.0,2.0,6.0,1.0,0.8,1,3,0,0,0.5,0,5.092153846153845,117.2,0.4,0,1.2,0.6666666666666666
67.0,2.0,5.0,1.0,0.6,0,2,0,0,0.5,0,5.429384615384615,114.6,0.25,1.0,1.0,1.0
68.0,2.0,5.0,1.0,0.6,0,2,0,0,0.6666666666666666,0,8.247423076923077,115.0,0.3333333333333333,1.0,1.3333333333333333,1.0
69.0,2.0,5.0,1.0,0.8,0,2,0,0,1.0,0,7.934208333333334,112.2,0.5,0.6666666666666666,1.0,1.0
70.0,2.0,5.0,1.0,0.8,0,1,0,0,1.0,0,8.43704347826087,113.8,0.0,0.5,0.0,1.0
71.0,2.0,5.0,0,0.6,0,0,0,1,1.0,0.0,7.005545454545455,113.4,0,0.4,0,0
72.0,2.0,5.0,0,0.6,0,0,0,2,1.0,0.0,6.693054054054055,117.2,0,0.2,0,0
73.0,2.0,5.0,0,0.6,0,0,0,2,1.0,0.0,4.088064516129032,111.6,0,0.0,0,0
74.0,2.0,5.0,0,0.6,0,0,0,2,1.0,0.3333333333333333,4.178677419354838,110.4,0,0.2,0,0
75.0,2.0,4.0,0.0,0.6,0,0,0,2,1.0,0.3333333333333333,3.8949375,107.4,0.0,0.25,2.0,0
76.0,2.0,4.0,0.5,0.8,0,0,0,1,1.0,0.5,3.959045454545454,106.0,0.0,0.3333333333333333,1.5,0
77.0,2.0,4.0,0.3333333333333333,0.8,0,0,0,0,1.0,1.0,4.125,102.6,0.3333333333333333,0.5,1.3333333333333333,0
78.0,2.0,4.0,0.5,0.6,0,0,0,0,0.5,1.0,4.552526315789474,105.8,0.5,1.0,1.5,0
79.0,2.0,4.0,0.6,0.6,0,0,0,0,0.0,0,4.283769230769231,108.8,0.4,0,1.6,0
80.0,2.0,4.0,0.8,0.6,0,0,0,0,0.0,0,4.175531249999999,113.0,0.4,0,1.6,0
81.0,2.0,3.0,0.75,0.4,0,0,0,0,0.0,0,4.22315625,113.6,0.5,0.0,1.75,0
82.0,2.0,3.0,1.0,0.4,0,0,0,0,0.0,0,4.37052,116.4,0.3333333333333333,0.5,2.0,0
83.0,2.0,3.0,1.0,0.4,0,0,0,0,0,0,4.514571428571428,116.6,0.0,0.6666666666666666,2.0,0
84.0,2.0,3.0,1.0,0.2,0,0,0,0,0,0,4.758,119.0,0.0,0.75,2.0,0
85.0,2.0,3.0,1.0,0.2,0,1,0,0,1.0,0,5.548071428571428,117.4,1.0,0.75,1.0,1.0
86.0,2.0,3.0,1.0,0.4,0,1,0,0,1.0,0,5.9319999999999995,117.0,0.5,1.0,1.5,1.0
87.0,2.0,3.0,1.0,0.6,0,1,0,0,1.0,0,5.645833333333333,114.8,0.3333333333333333,1.0,1.3333333333333333,1.0
88.0,2.0,3.0,0.75,0.8,0,1,0,0,1.0,0,6.293625,114.2,0.25,1.0,1.5,1.0
89.0,2.0,2.0,0.75,1.0,0,1,0,0,1.0,0,5.9576363636363645,112.8,0.25,1.0,1.5,1.0
90.0,2.0,2.0,0.6666666666666666,0.8,0,0,0,0,1.0,0,5.499777777777777,113.8,0.0,0.5,1.6666666666666667,0
91.0,2.0,2.0,0.5,0.6,0,0,0,0,1.0,0,5.885888888888889,114.0,0.0,0.6666666666666666,1.5,0
92.0,2.0,2.0,0.0,0.6,0,0,0,0,1.0,0,5.2222,112.2,0.0,0.5,2.0,0
93.0,2.0,2.0,0,0.4,0,0,0,1,0,0,5.3457857142857135,114.8,0,0.6,0,0
94.0,2.0,2.0,0,0.2,0,0,0,1,0,0,5.1742307692307685,116.0,0,0.4,0,0
95.0,2.0,2.0,1.0,0.4,1,1,0,1,0,0,5.15623076923077,116.4,0.0,0.5,2.0,0.0
96.0,2.0,2.0,1.0,0.6,1,1,0,1,0,0,4.842692307692308,119.0,0.0,0.3333333333333333,1.5,0.0
97.0,2.0,2.0,0.6666666666666666,0.6,1,2,0,1,1.0,0,4.9104285714285725,119.4,0.3333333333333333,0.5,1.6666666666666667,0.5
98.0,2.0,2.0,0.75,0.8,1,2,0,0,1.0,0,5.0926,118.2,0.25,0.0,1.75,0.5
99.0,2.0,1.0,0.75,1.0,1,2,0,0,1.0,0,5.264777777777778,119.0,0.25,0.0,1.75,0.5
100.0,2.0,1.0,0.6666666666666666,1.0,0,2,0,0,1.0,0,4.782583333333333,119.4,0.3333333333333333,0.5,1.6666666666666667,1.0
101.0,2.0,1.0,0.5,1.0,0,3,0,0,1.0,0,4.833684210526315,114.4,0.5,0.3333333333333333,2.0,1.0
102.0,2.0,1.0,1.0,0.8,0,2,0,0,1.0,0.0,5.286882352941176,116.4,0.0,0.5,2.0,1.0
103.0,2.0,1.0,0,0.6,0,2,0,0,1.0,0.0,5.308176470588235,118.2,0,0.6,0,1.0
104.0,2.0,1.0,0,0.6,0,2,0,0,1.0,0.3333333333333333,5.2669999999999995,113.2,0,0.8,0,1.0
105.0,1.0,6.0,1.0,0.6,0,1,0,0,1.0,0.3333333333333333,5.1530499999999995,114.2,0.0,0.75,1.0,1.0
106.0,1.0,6.0,1.0,0.6,0,1,0,0,1.0,0.3333333333333333,4.8928666666666665,113.6,0.5,1.0,1.5,1.0
107.0,1.0,6.0,1.0,0.8,1,2,0,0,1.0,0.5,4.200933333333333,112.2,0.6666666666666666,1.0,1.6666666666666667,0.5
108.0,1.0,6.0,0.75,1.0,1,3,0,0,1.0,1.0,3.415647058823529,107.2,0.5,1.0,1.25,0.6666666666666666
109.0,1.0,5.0,0.75,1.0,1,3,0,0,1.0,0,3.4272,87.2,0.5,0.0,1.25,0.6666666666666666
110.0,1.0,5.0,0.6666666666666666,0.8,1,3,0,0,1.0,0,3.636076923076923,85.6,0.6666666666666666,0.0,1.3333333333333333,0.6666666666666666
111.0,1.0,5.0,0.5,0.8,1,2,0,0,0,0,3.9899375,89.4,0.5,0.0,1.0,0.5
112.0,1.0,5.0,0.0,0.8,0,1,0,0,0,0,4.816599999999999,68.4,0.0,0.0,0.0,1.0
113.0,1.0,5.0,0,0.8,0,0,0,0,0,1.0,5.234785714285715,71.8,0,0.0,0,0
114.0,1.0,4.0,1.0,0.8,0,1,0,0,1.0,1.0,4.842882352941177,93.2,1.0,0.0,2.0,1.0
115.0,1.0,4.0,1.0,1.0,0,1,0,0,1.0,1.0,5.171,95.2,0.5,0.0,1.5,1.0
116.0,1.0,4.0,1.0,0.8,0,1,0,0,1.0,1.0,5.361,92.4,0.3333333333333333,0.0,1.0,1.0
117.0,1.0,4.0,0.75,0.6,0,1,1,1,1.0,1.0,4.959333333333333,92.4,0.5,0.0,1.25,1.0
118.0,1.0,4.0,0.8,0.6,0,2,1,1,1.0,0,4.695124999999999,89.6,0.6,0,1.4,1.0
119.0,1.0,4.0,0.8,0.6,0,1,1,1,1.0,0,4.8875,92.0,0.4,0,1.4,1.0
120.0,1.0,3.0,0.75,0.6,0,1,1,1,1.0,0,4.844399999999999,89.2,0.5,0.0,1.5,1.0
121.0,1.0,3.0,0.6666666666666666,0.6,0,1,1,1,1.0,0,4.199333333333334,90.8,0.6666666666666666,0.0,2.0,1.0
122.0,1.0,3.0,1.0,0.6,0,1,0,0,1.0,0,4.135076923076923,112.6,0.5,0.3333333333333333,2.0,1.0
123.0,1.0,3.0,1.0,0.4,0,0,0,0,0,0,4.503454545454544,114.8,0.0,0.5,2.0,0
124.0,1.0,3.0,0,0.4,0,0,0,0,0,0,4.7240714285714285,115.6,0,0.6,0,0
125.0,1.0,3.0,0,0.2,0,0,0,0,0,0,4.445411764705883,117.8,0,0.6,0,0
126.0,1.0,3.0,1.0,0.2,0,0,0,1,0,0,4.760366666666667,117.6,0.0,0.75,2.0,0
127.0,1.0,3.0,1.0,0.2,0,0,0,2,0,0,4.652612903225807,118.2,0.0,0.6666666666666666,1.5,0
128.0,1.0,3.0,1.0,0.2,0,0,0,2,0,0,4.445705882352941,120.4,0.0,0.5,1.3333333333333333,0
129.0,1.0,3.0,1.0,0.2,0,1,0,2,1.0,0,4.328030303030303,119.2,0.0,0.0,1.5,1.0
130.0,1.0,3.0,0.8,0.2,0,1,1,3,1.0,0,4.466178571428571,94.0,0.2,0,1.6,1.0
131.0,1.0,3.0,0.75,0.4,0,2,1,2,1.0,0,4.108785714285714,91.8,0.25,0.0,1.5,1.0
132.0,1.0,3.0,0.6666666666666666,0.6,0,3,1,1,1.0,0,3.834375,88.8,0.3333333333333333,0.5,1.6666666666666667,1.0
133.0,1.0,3.0,0.5,0.6,0,3,1,1,1.0,0,4.0858,85.2,0.5,0.3333333333333333,2.0,1.0
134.0,1.0,3.0,0.0,0.6,0,2,1,1,0,0,3.9499999999999997,86.6,1.0,0.5,2.0,1.0
135.0,1.0,3.0,0,0.6,0,2,0,0,0,0.0,5.120285714285713,111.8,0,0.4,0,1.0
136.0,1.0,3.0,0,0.4,0,1,0,1,0,0.0,4.4493,110.6,0,0.6,0,1.0
137.0,1.0,3.0,0,0.4,0,0,0,1,0,0.0,4.881807692307693,91.2,0,0.4,0,0
138.0,1.0,3.0,0,0.4,0,0,0,1,0,0.0,4.941291666666666,95.0,0,0.6,0,0
139.0,1.0,3.0,0,0.4,0,0,0,1,0,0.0,5.013599999999999,95.8,0,0.6,0,0
140.0,1.0,3.0,0,0.4,0,0,0,1,0,0.0,4.804107142857142,94.8,0,0.6,0,0
141.0,1.0,3.0,0,0.6,0,0,0,0,0,0.0,5.617736842105263,96.4,0,0.4,0,0
142.0,1.0,3.0,0,0.6,0,1,0,0,1.0,0.3333333333333333,4.826159999999999,115.0,0,0.6,0,1.0
143.0,1.0,2.0,1.0,0.8,0,1,0,0,1.0,0.5,4.758838709677419,112.0,0.0,0.5,1.0,1.0
144.0,1.0,2.0,1.0,0.6,0,1,0,0,0.5,0.5,4.517,111.0,0.0,0.3333333333333333,0.5,1.0
145.0,1.0,2.0,1.0,0.6,0,1,0,0,0.5,1.0,3.957769230769231,110.4,0.0,0.5,0.3333333333333333,1.0
146.0,1.0,2.0,0.75,0.4,0,1,0,0,0.5,1.0,4.062133333333334,107.0,0.25,1.0,0.75,1.0
147.0,1.0,2.0,0.8,0.2,0,0,0,1,0.0,0,4.249307692307692,111.0,0.2,0,0.8,0
148.0,1.0,2.0,0.75,0.2,0,0,0,1,0.0,0,4.590761904761905,109.8,0.25,1.0,0.75,0
149.0,1.0,2.0,0.6666666666666666,0.2,0,0,0,1,0,0,4.847700000000001,110.6,0.3333333333333333,0.5,1.0,0
150.0,1.0,2.0,0.5,0.2,0,0,0,1,0,0,4.807894736842105,111.0,0.5,0.3333333333333333,1.5,0
151.0,1.0,2.0,1.0,0.4,0,0,0,1,0,0,5.071000000000001,93.0,0.0,0.25,1.0,0
152.0,1.0,2.0,0,0.6,0,0,0,0,0,0,5.190363636363637,91.2,0,0.4,0,0
153.0,1.0,2.0,0,0.6,0,0,0,0,0,1.0,4.406090909090909,90.8,0,0.2,0,0
154.0,1.0,1.0,1.0,0.6,0,0,0,0,0,1.0,5.4292,86.0,1.0,0.25,2.0,0
155.0,1.0,1.0,0.5,0.8,0,0,0,0,0,1.0,5.024928571428572,80.6,0.5,0.3333333333333333,1.5,0
156.0,1.0,1.0,0.3333333333333333,0.8,0,0,0,0,0,1.0,4.702428571428571,100.2,0.3333333333333333,0.5,1.3333333333333333,0
157.0,1.0,1.0,0.5,0.6,0,0,0,0,0.0,1.0,4.509652173913043,102.4,0.25,0.0,1.5,0
158.0,1.0,1.0,0.6,0.6,0,0,0,0,0.0,0,4.441,104.6,0.4,0,1.6,0
159.0,1.0,1.0,0.4,0.8,0,1,0,0,0.0,0,4.355891891891892,101.8,0.2,0,1.4,1.0
5.0,3.0,6.0,0,0.6,0,1,0,0,0,0,4.248818181818181,113.4,0,0.2,0,1.0
6.0,3.0,6.0,0,0.6,0,1,0,0,0,0.0,4.397181818181818,116.6,0,0.2,0,1.0
7.0,3.0,6.0,0,0.4,0,1,0,0,0,0.0,4.429166666666667,113.6,0,0.2,0,1.0
8.0,3.0,6.0,0,0.4,0,0,0,0,0,0.0,4.4714374999999995,118.0,0,0.4,0,0
9.0,3.0,6.0,0,0.4,0,0,0,1,0,0.0,4.352318181818182,119.4,0,0.6,0,0
10.0,3.0,6.0,0,0.2,0,0,0,1,0,0.0,4.371952380952381,122.8,0,0.6,0,0
11.0,3.0,6.0,1.0,0.2,0,0,0,2,0,0,4.093545454545455,122.0,0.0,0.5,1.0,0
12.0,3.0,6.0,1.0,0.2,0,0,0,2,0,0,3.6345217391304345,123.6,0.0,0.6666666666666666,1.5,0
13.0,3.0,6.0,0.6666666666666666,0.0,0,0,0,3,0,0,3.560739130434783,120.2,0.0,0.5,1.0,0
14.0,3.0,6.0,0.75,0.2,0,0,0,2,0,0,3.2977894736842104,119.0,0.25,0.0,1.25,0
15.0,3.0,6.0,0.8,0.4,0,1,0,2,0,0,2.9216666666666664,119.6,0.2,0,1.2,1.0
16.0,3.0,6.0,0.6,0.4,0,1,0,1,0,0,3.3780434782608695,115.2,0.2,0,1.2,1.0
17.0,3.0,6.0,0.5,0.4,0,1,0,2,0.0,0,3.6797272727272725,115.8,0.25,1.0,1.0,1.0
18.0,3.0,6.0,0.6666666666666666,0.6,0,1,0,1,0.0,0,3.719875,115.8,0.3333333333333333,1.0,1.3333333333333333,1.0
19.0,3.0,6.0,0.5,0.6,0,1,0,1,0.0,0,3.8407586206896553,108.6,0.0,1.0,1.0,1.0
20.0,3.0,6.0,0.0,0.4,0,0,0,1,0.0,0,4.193787234042554,100.6,0.0,0.75,1.0,0
21.0,3.0,6.0,0,0.4,0,0,0,1,0.0,0,4.655604166666667,104.6,0,0.6,0,0
22.0,3.0,6.0,0,0.4,0,0,0,0,0,0,4.637727272727273,104.4,0,0.4,0,0
23.0,3.0,6.0,1.0,0.2,0,0,0,0,0,0,4.908763157894737,104.6,1.0,0.25,2.0,0
24.0,3.0,6.0,1.0,0.2,0,0,0,0,0,0,5.075322580645161,113.2,0.5,0.0,1.5,0
25.0,3.0,6.0,1.0,0.2,0,0,0,0,0,0,5.927249999999999,121.2,0.3333333333333333,0.0,1.6666666666666667,0
26.0,3.0,6.0,1.0,0.2,0,0,0,1,0,0,3.912578947368421,120.4,0.25,0.0,1.75,0
27.0,3.0,6.0,0.8,0.4,0,0,0,1,0,0,4.097,118.2,0.4,0,1.4,0
28.0,3.0,6.0,0.8,0.6,0,1,0,1,0,0,3.9720999999999997,122.2,0.4,0,1.2,0.0
29.0,3.0,6.0,0.6,0.4,0,1,0,1,0,0,3.8660344827586206,116.2,0.4,0,1.4,0.0
30.0,3.0,6.0,0.4,0.4,0,1,0,1,0,0,3.69268,109.6,0.4,0,1.2,0.0
31.0,3.0,6.0,0.25,0.4,0,1,0,0,0,0,3.9136666666666664,107.8,0.5,1.0,1.0,0.0
32.0,3.0,6.0,0.3333333333333333,0.2,0,1,0,1,0,0,3.950444444444445,111.0,0.3333333333333333,1.0,1.3333333333333333,0.0
33.0,3.0,6.0,0.0,0.2,0,1,0,1,0,0,3.777190476190476,107.6,0.0,0.6666666666666666,1.5,1.0
34.0,3.0,6.0,0.0,0.2,0,1,0,2,0,0,4.4019375,113.0,0.0,0.75,1.0,1.0
35.0,3.0,6.0,0,0.2,0,1,0,2,0,0,4.333,118.2,0,0.6,0,1.0
36.0,3.0,7.0,1.0,0.4,0,2,0,2,1.0,0,4.0496842105263156,122.4,0.0,0.5,2.0,1.0
37.0,3.0,7.0,1.0,0.6,0,2,0,1,1.0,0,4.315764705882353,123.4,0.5,0.3333333333333333,2.0,1.0
38.0,3.0,7.0,0.6666666666666666,0.4,0,1,0,2,1.0,0,4.4186,121.8,0.3333333333333333,0.5,1.6666666666666667,1.0
39.0,3.0,7.0,0.5,0.4,0,1,1,2,1.0,0,4.0789,96.8,0.5,0.0,1.75,1.0
40.0,3.0,7.0,0.6,0.6,0,2,1,2,1.0,0,3.749,98.6,0.4,0,1.4,1.0
41.0,3.0,7.0,0.6,0.6,0,2,1,2,1.0,0,3.723388888888889,96.4,0.4,0,1.4,1.0
42.0,3.0,6.0,0.5,0.4,0,2,1,2,1.0,0,3.4432692307692303,93.6,0.25,1.0,1.25,1.0
43.0,3.0,6.0,0.6666666666666666,0.4,0,2,1,1,1.0,0,3.378111111111111,95.0,0.3333333333333333,0.5,1.3333333333333333,1.0
44.0,3.0,6.0,1.0,0.4,0,2,0,0,1.0,0,3.376321428571429,119.0,0.0,0.3333333333333333,1.0,1.0
45.0,3.0,6.0,1.0,0.2,0,1,0,0,0,0,3.1059583333333336,118.0,0.0,0.25,2.0,1.0
46.0,3.0,6.0,1.0,0.2,0,0,0,0,1.0,0,3.7864090909090904,117.2,1.0,0.25,2.0,0
47.0,3.0,6.0,1.0,0.2,0,0,0,0,1.0,0,4.540368421052631,119.6,0.5,0.0,2.0,0
48.0,3.0,6.0,1.0,0.4,0,0,0,0,1.0,0,4.621714285714286,122.8,0.6666666666666666,0.0,1.3333333333333333,0
49.0,3.0,6.0,1.0,0.6,0,0,0,0,1.0,0,4.667238095238096,122.2,0.5,0.0,1.5,0
50.0,3.0,6.0,1.0,0.8,0,0,0,0,1.0,0,5.514705882352941,122.4,0.4,0,1.4,0
51.0,3.0,5.0,1.0,0.8,0,0,0,0,1.0,0,5.015928571428572,99.6,0.25,0.0,1.25,0
52.0,3.0,5.0,1.0,1.0,0,0,0,0,1.0,0,4.003214285714286,92.6,0.3333333333333333,0.0,1.0,0
53.0,3.0,5.0,1.0,0.8,0,0,0,0,1.0,0,4.398499999999999,89.6,0.0,0.0,1.5,0
54.0,3.0,5.0,1.0,0.6,0,0,0,0,0,0,4.078,87.6,0.0,0.25,1.0,0
55.0,3.0,5.0,0,0.4,0,0,0,1,0,0,3.8386818181818185,81.2,0,0.4,0,0
56.0,3.0,5.0,0,0.4,0,1,0,1,0,0,3.6907187500000003,98.4,0,0.6,0,1.0
57.0,3.0,5.0,0,0.4,0,1,0,1,0,0,4.074464285714286,100.4,0,0.6,0,1.0
58.0,3.0,5.0,0,0.4,0,1,0,1,0,0.0,4.013458333333333,101.8,0,0.8,0,1.0
59.0,3.0,5.0,0,0.6,0,1,0,1,0,0.0,4.1160000000000005,103.0,0,0.6,0,1.0
60.0,3.0,5.0,0,0.8,0,1,0,0,0,0.5,4.389076923076923,107.4,0,0.4,0,1.0
61.0,3.0,4.0,0.0,0.6,0,0,1,1,0,0.5,5.308562500000001,90.2,1.0,0.25,0.0,0
62.0,3.0,4.0,0.0,0.6,0,1,1,1,1.0,0.5,4.307142857142857,88.0,0.5,0.3333333333333333,0.0,1.0
63.0,3.0,4.0,0.3333333333333333,0.8,0,2,1,1,1.0,1.0,3.942128205128205,89.4,0.3333333333333333,0.0,0.0,1.0
64.0,3.0,4.0,0.5,0.6,0,2,1,1,0.5,1.0,4.1654857142857145,90.8,0.25,0.0,0.5,1.0
65.0,3.0,4.0,0.4,0.6,0,2,1,1,0.5,0,4.11175,90.0,0.2,0,0.6,1.0
66.0,3.0,4.0,0.6,0.6,0,2,0,1,0.5,0,4.078200000000001,114.4,0.0,0,1.0,1.0
67.0,3.0,4.0,0.8,0.4,0,1,0,1,0.0,0,4.278324324324324,118.8,0.2,0,1.2,1.0
68.0,3.0,4.0,0.6,0.2,0,0,0,2,0.0,0,4.0173125,112.2,0.2,0,1.4,0
69.0,3.0,4.0,0.5,0.4,0,0,0,2,0,0,4.0015,110.0,0.25,0.0,1.25,0
70.0,3.0,4.0,0.6666666666666666,0.4,0,0,0,2,0,0,4.158729729729729,109.4,0.3333333333333333,0.0,1.3333333333333333,0
71.0,3.0,4.0,0.5,0.4,0,0,0,2,0.0,0,4.11359375,103.4,0.5,0.3333333333333333,1.0,0
72.0,3.0,4.0,0.0,0.4,0,0,0,2,0.0,0,4.088206896551724,104.6,0.0,0.5,1.0,0
73.0,3.0,4.0,0,0.6,0,0,0,1,0.0,0,5.026058823529412,106.0,0,0.6,0,0
74.0,3.0,4.0,0,0.4,0,0,0,2,0.0,0.0,4.351666666666667,107.8,0,0.6,0,0
75.0,3.0,4.0,0,0.2,0,0,0,2,0.0,0.0,4.1805609756097555,108.0,0,0.8,0,0
76.0,3.0,4.0,0,0.2,0,0,0,1,0,0.0,4.142871794871795,114.0,0,0.6,0,0
77.0,3.0,4.0,0.0,0.2,0,0,0,2,0,0.0,4.086958333333333,110.8,0.0,0.5,0.0,0
78.0,3.0,4.0,0.5,0.2,0,1,0,2,0,0.0,4.160382978723405,116.2,0.5,0.3333333333333333,1.0,0.0
79.0,3.0,4.0,0.6666666666666666,0.4,0,1,0,1,0,0,4.004333333333333,115.2,0.3333333333333333,0.5,1.3333333333333333,0.0
80.0,3.0,4.0,0.75,0.6,0,1,0,1,1.0,0,3.876304347826087,118.4,0.25,0.0,1.5,0.0
81.0,3.0,4.0,0.8,0.6,0,1,0,1,1.0,0,3.761125,120.4,0.2,0,1.6,0.0
82.0,3.0,4.0,1.0,0.6,0,1,0,0,1.0,0,3.9262916666666663,125.0,0.2,0,1.8,0.0
83.0,3.0,4.0,1.0,0.6,0,1,0,0,1.0,0,3.8922500000000007,123.0,0.0,0,1.4,1.0
84.0,3.0,4.0,1.0,0.4,0,1,0,0,1.0,0,3.795862068965518,125.0,0.2,0,1.4,1.0
85.0,3.0,4.0,0.8,0.4,0,1,0,0,1.0,0,3.6788260869565224,124.6,0.2,0,1.2,1.0
86.0,3.0,4.0,0.8,0.6,0,1,0,0,1.0,0,3.762,121.2,0.4,0,0.8,1.0
87.0,3.0,3.0,0.75,0.8,0,2,0,0,1.0,0,3.56059375,120.0,0.5,1.0,0.75,1.0
88.0,3.0,3.0,0.6666666666666666,0.8,0,2,0,0,0,0,3.289297297297297,115.8,0.6666666666666666,0.5,1.0,1.0
89.0,3.0,3.0,0.5,0.8,0,2,0,0,0,0,3.416294117647059,111.4,0.5,0.6666666666666666,0.5,1.0
90.0,3.0,3.0,1.0,0.6,0,2,0,0,0,0,3.4202777777777778,109.6,1.0,0.75,0.0,1.0
91.0,3.0,3.0,0,0.4,0,2,0,0,0,0,3.463058823529412,103.4,0,0.8,0,1.0
92.0,3.0,3.0,0,0.2,0,1,0,0,0,0,3.3683529411764708,103.8,0,0.8,0,1.0
93.0,3.0,3.0,0.0,0.2,0,1,0,0,1.0,0,3.5737142857142854,106.6,0.0,1.0,0.0,1.0
94.0,3.0,3.0,0.5,0.4,0,2,0,0,1.0,0,4.714458333333334,112.2,0.0,1.0,1.0,1.0
95.0,3.0,3.0,0.3333333333333333,0.6,0,3,0,0,1.0,0,4.610916666666667,109.2,0.0,1.0,1.0,1.0
96.0,3.0,3.0,0.5,0.8,1,4,0,0,1.0,0,4.357291666666667,116.2,0.25,1.0,1.25,0.75
97.0,3.0,2.0,0.5,0.8,1,4,0,0,1.0,0,4.181384615384616,112.2,0.25,0.0,1.25,0.75
98.0,3.0,2.0,0.6666666666666666,0.8,1,3,0,0,0,0,4.325548387096774,113.4,0.3333333333333333,0.0,1.6666666666666667,0.6666666666666666
99.0,3.0,2.0,0.5,0.6,1,2,0,0,0,0,3.5164827586206893,105.8,0.5,0.0,1.5,0.5
100.0,3.0,2.0,1.0,0.4,1,1,0,0,0,0,3.704034482758621,103.4,1.0,0.25,2.0,0.0
101.0,3.0,2.0,0,0.2,0,0,0,1,0.0,0,3.8866896551724137,97.8,0,0.4,0,0
102.0,3.0,2.0,1.0,0.2,0,0,0,2,0.0,0,3.8443214285714284,101.8,0.0,0.5,2.0,0
103.0,3.0,2.0,0.5,0.2,0,1,0,2,0.0,0,3.5626521739130435,100.4,0.0,0.6666666666666666,2.0,1.0
104.0,3.0,2.0,0.6666666666666666,0.4,1,2,0,2,0.0,0,3.3788666666666667,105.4,0.3333333333333333,1.0,2.0,0.5
105.0,3.0,2.0,0.75,0.6,1,2,0,2,0.0,0,3.6435294117647063,110.6,0.25,1.0,2.0,0.5
106.0,3.0,2.0,0.6,0.8,1,2,0,1,0,0,3.7051764705882357,114.2,0.4,0,2.0,0.5
107.0,3.0,1.0,0.5,1.0,1,2,0,0,0,0,3.9805882352941175,114.4,0.5,1.0,2.0,0.5
108.0,3.0,1.0,0.6666666666666666,0.8,1,1,0,1,0,0,4.5836,116.6,0.6666666666666666,0.5,2.0,0.0
109.0,3.0,1.0,0.5,0.6,0,0,0,1,0,0,6.030176470588236,115.2,0.5,0.3333333333333333,2.0,0
110.0,3.0,1.0,0.0,0.6,0,0,0,1,0,0,5.45895,115.4,1.0,0.25,2.0,0
111.0,3.0,1.0,0,0.4,0,0,0,2,0,0,5.16240909090909,116.2,0,0.2,0,0
112.0,3.0,1.0,0,0.4,0,0,0,2,0,0,4.9772083333333335,115.8,0,0.0,0,0
113.0,3.0,1.0,0,0.4,0,0,0,2,0,0,4.45953125,115.0,0,0.0,0,0
114.0,3.0,1.0,0,0.4,0,0,0,2,0,0,3.912447368421052,110.2,0,0.2,0,0
115.0,3.0,2.0,0.0,0.2,0,0,0,3,0,0,3.901294117647059,108.4,0.0,0.25,1.0,0
116.0,3.0,2.0,0.0,0.4,0,0,0,2,0,0,3.747434782608696,106.0,0.0,0.3333333333333333,1.0,0
117.0,3.0,2.0,0.3333333333333333,0.4,0,0,0,2,0,0,3.8341627906976745,103.4,0.3333333333333333,0.5,1.3333333333333333,0
118.0,3.0,2.0,0.5,0.6,0,0,0,1,0,0,3.907838709677419,106.8,0.25,1.0,1.0,0
119.0,3.0,2.0,0.6,0.8,0,0,0,1,0,0,3.8400434782608697,115.0,0.4,0,1.2,0
120.0,3.0,1.0,0.75,0.8,0,0,0,0,0,0,4.150625000000001,118.2,0.5,0.0,1.25,0
121.0,3.0,1.0,1.0,0.8,0,0,0,0,0,0,6.717111111111112,98.0,0.6666666666666666,0.0,1.3333333333333333,0
122.0,3.0,1.0,1.0,0.6,0,0,0,0,0,0,6.297111111111111,96.6,0.5,0.3333333333333333,1.0,0
123.0,3.0,1.0,1.0,0.6,0,0,0,0,0,0,6.976000000000001,94.6,1.0,0.5,2.0,0
124.0,3.0,1.0,0,0.4,0,0,0,0,0,0,7.563687500000001,94.0,0,0.6,0,0
125.0,3.0,1.0,0,0.4,0,0,0,0,0,0,8.655333333333333,93.8,0,0.8,0,0
126.0,3.0,1.0,0.0,0.2,0,0,0,1,0,0,6.8796875,115.0,0.0,1.0,1.0,0
127.0,3.0,1.0,0.0,0.2,0,0,0,1,0,0,7.492375000000001,118.0,0.0,1.0,1.0,0
128.0,3.0,1.0,0.0,0.0,0,0,0,1,0,0,7.7829999999999995,118.4,0.0,0.75,1.0,0
129.0,3.0,1.0,0.5,0.2,0,0,0,1,0,0,5.898888888888889,119.4,0.5,0.6666666666666666,1.5,0
130.0,3.0,1.0,0.6666666666666666,0.4,1,1,0,1,0,0,4.9721111111111105,117.0,0.6666666666666666,0.5,1.6666666666666667,0.0
131.0,3.0,1.0,1.0,0.6,1,1,0,0,0,0,6.286714285714285,120.4,1.0,0.3333333333333333,2.0,0.0
132.0,3.0,1.0,1.0,0.6,1,1,0,0,0,0,5.000454545454546,121.2,1.0,0.0,2.0,0.0
133.0,3.0,1.0,0.6666666666666666,0.8,1,2,0,0,0,0,4.205846153846154,116.6,1.0,0.0,2.0,0.5
134.0,3.0,1.0,0.6666666666666666,0.8,1,3,0,0,0,0,3.9948799999999993,116.6,0.6666666666666666,0.0,2.0,0.6666666666666666
135.0,3.0,1.0,0.5,0.6,0,2,0,0,0.0,0,4.092551724137931,117.2,0.5,0.0,2.0,1.0
136.0,3.0,1.0,0.5,0.4,0,2,0,0,0.0,0,3.581886363636364,116.8,0.5,0.3333333333333333,2.0,1.0
137.0,3.0,1.0,0.6666666666666666,0.6,0,2,0,0,0.0,0,3.6771904761904772,116.4,0.3333333333333333,0.5,2.0,1.0
138.0,3.0,1.0,0.6666666666666666,0.6,0,1,0,0,0.0,0,3.7517857142857145,115.6,0.3333333333333333,0.5,1.6666666666666667,1.0
139.0,3.0,1.0,0.5,0.6,0,1,0,0,0.0,0,3.6710322580645167,113.6,0.5,0.6666666666666666,1.5,1.0
140.0,3.0,6.0,0.5,0.8,0,1,0,0,0.0,0,3.8873928571428573,112.4,0.5,1.0,1.5,1.0
141.0,3.0,6.0,0.5,0.8,0,1,0,1,0,0,4.201041666666666,112.4,0.5,1.0,1.5,1.0
142.0,3.0,6.0,0.0,0.6,0,1,0,1,0,0,3.860954545454545,110.4,1.0,0.75,1.0,1.0
143.0,3.0,6.0,0,0.6,0,2,0,1,0,0,3.844239999999999,115.6,0,0.6,0,1.0
144.0,3.0,6.0,0,0.6,0,1,0,1,1.0,0,4.616454545454545,113.8,0,0.4,0,1.0
145.0,3.0,6.0,0,0.4,0,1,0,2,1.0,0.0,4.49184375,110.8,0,0.4,0,1.0
146.0,3.0,6.0,0,0.6,0,2,0,1,1.0,0.0,4.371548387096775,111.6,0,0.2,0,1.0
147.0,3.0,6.0,0,0.8,0,2,0,1,1.0,0.5,4.315500000000001,106.2,0,0.2,0,1.0
148.0,3.0,5.0,1.0,0.6,0,1,0,2,1.0,0.5,4.523391304347826,104.2,0.0,0.25,1.0,1.0
149.0,3.0,5.0,1.0,0.6,0,1,0,2,0,0.5,4.125135135135136,106.4,0.0,0.3333333333333333,1.5,1.0
150.0,3.0,5.0,1.0,0.8,0,1,0,1,0,1.0,4.087162162162163,112.2,0.3333333333333333,0.0,1.3333333333333333,1.0
151.0,3.0,5.0,0.75,0.8,0,0,0,1,0,1.0,4.423857142857143,105.4,0.25,0.0,1.25,0
152.0,3.0,5.0,0.6,0.6,0,0,0,2,0,0,4.439035714285715,108.0,0.2,0,1.0,0
153.0,3.0,5.0,0.6,0.8,0,0,0,1,0,0,4.307636363636363,110.6,0.2,0,0.8,0
154.0,3.0,4.0,0.5,0.6,0,0,0,1,0,0,4.268454545454546,110.6,0.25,0.0,0.5,0
155.0,3.0,4.0,0.3333333333333333,0.6,0,1,0,1,1.0,0,3.898884615384616,110.6,0.0,0.5,0.3333333333333333,1.0
156.0,3.0,4.0,0.5,0.6,0,1,0,1,1.0,0,3.8217931034482757,116.4,0.0,0.6666666666666666,0.0,1.0
157.0,3.0,4.0,1.0,0.6,0,1,0,0,1.0,0,3.9909722222222226,117.4,0.0,0.5,0.0,1.0
158.0,3.0,4.0,0,0.4,0,1,0,0,1.0,0,4.127138888888888,115.2,0,0.6,0,1.0
159.0,3.0,4.0,0,0.4,0,1,0,0,1.0,0,4.140527777777778,113.0,0,0.6,0,1.0
160.0,3.0,4.0,1.0,0.4,0,0,0,0,0,0,4.062064516129032,112.0,1.0,0.5,2.0,0
161.0,3.0,4.0,1.0,0.2,0,0,0,1,0.0,0,4.184185185185185,110.8,0.5,0.3333333333333333,2.0,0
162.0,3.0,4.0,1.0,0.2,0,0,0,2,0.0,0,3.8900000000000006,113.2,0.3333333333333333,0.5,1.6666666666666667,0
163.0,3.0,4.0,0.75,0.2,0,0,0,3,0.0,0,3.4554482758620693,110.6,0.25,0.0,1.5,0
164.0,3.0,4.0,0.6,0.4,0,0,0,3,0.0,0,3.377864864864865,109.2,0.2,0,1.4,0
165.0,3.0,4.0,0.4,0.4,0,1,0,3,0.0,0,3.351703703703704,108.6,0.0,0,1.2,0.0
166.0,3.0,4.0,0.2,0.6,0,2,0,2,0.5,0,3.3143571428571432,105.2,0.0,0,1.2,0.5
167.0,3.0,4.0,0.2,0.8,0,2,0,1,1.0,0,3.4081600000000005,108.2,0.0,0,1.4,0.5
168.0,3.0,3.0,0.25,1.0,0,2,0,0,1.0,0,3.741941176470588,109.6,0.0,0.0,1.5,0.5
169.0,3.0,3.0,0.3333333333333333,0.8,0,2,0,0,1.0,0,4.258777777777778,111.0,0.0,0.5,1.6666666666666667,0.5
170.0,3.0,3.0,0.5,0.6,0,1,0,0,1.0,0,4.402818181818182,106.0,0.0,0.6666666666666666,2.0,1.0
171.0,3.0,3.0,1.0,0.4,0,0,0,0,0,0,4.5510769230769235,103.4,0.0,0.5,2.0,0
172.0,3.0,3.0,0,0.4,0,1,0,0,1.0,0,4.084625000000001,96.2,0,0.4,0,1.0
173.0,3.0,3.0,0,0.4,0,1,0,0,1.0,0,4.017875,98.0,0,0.4,0,1.0
174.0,3.0,3.0,0,0.4,0,1,0,0,1.0,0,3.7307777777777775,95.8,0,0.2,0,1.0
175.0,3.0,3.0,0,0.6,0,1,0,0,1.0,0,3.8822592592592593,97.0,0,0.0,0,1.0
176.0,3.0,3.0,0,0.6,0,1,0,0,1.0,0,3.6511290322580647,102.2,0,0.0,0,1.0
177.0,3.0,3.0,0,0.6,0,0,0,0,0,0,4.010586206896551,106.8,0,0.0,0,0
178.0,3.0,3.0,0,0.6,0,0,0,0,0,0,4.061137931034483,107.2,0,0.2,0,0
179.0,3.0,3.0,0,0.6,0,0,0,0,0,0.0,4.2702580645161285,112.0,0,0.4,0,0
180.0,3.0,3.0,0,0.4,0,0,0,0,0,0.0,3.9492307692307693,114.4,0,0.4,0,0
181.0,3.0,3.0,0,0.6,0,0,0,0,0,0.0,4.232809523809524,114.2,0,0.4,0,0
182.0,3.0,3.0,0,0.6,0,0,0,0,0,0.0,4.029,91.2,0,0.4,0,0
183.0,3.0,3.0,0,0.4,0,0,0,0,0,0.0,3.7989166666666665,90.8,0,0.4,0,0
184.0,3.0,3.0,0,0.4,0,0,0,0,0,0.0,3.872923076923077,90.4,0,0.2,0,0
185.0,3.0,3.0,0,0.6,0,0,0,0,0,0.0,4.317857142857143,87.2,0,0.2,0,0
186.0,3.0,3.0,0,0.6,0,0,0,0,0,0.0,3.9901935483870963,87.6,0,0.2,0,0
187.0,3.0,3.0,0,0.4,0,0,0,0,0,0.0,3.9490882352941177,111.0,0,0.2,0,0
188.0,3.0,3.0,0,0.4,0,0,0,1,0,0.0,4.02790625,111.8,0,0.0,0,0
189.0,3.0,3.0,0,0.6,0,0,0,1,0,0.0,3.8834000000000004,111.8,0,0.0,0,0
190.0,3.0,3.0,0,0.6,0,0,0,1,0,0.0,3.870658536585366,112.6,0,0.0,0,0
191.0,3.0,3.0,0,0.4,0,0,0,1,0,0.0,4.229166666666667,114.8,0,0.0,0,0
192.0,3.0,3.0,0,0.6,0,0,0,1,0,0.0,4.381322580645161,113.6,0,0.0,0,0
193.0,3.0,3.0,0,0.6,0,0,0,0,0,0.0,4.563111111111111,113.2,0,0.0,0,0
194.0,3.0,3.0,0,0.6,0,0,0,0,0,0.0,4.66388,112.8,0,0.2,0,0
195.0,3.0,3.0,0,0.4,0,0,0,0,0,0.0,5.3885,115.6,0,0.4,0,0
196.0,3.0,3.0,0,0.4,0,0,0,1,0,0.0,4.684125,111.6,0,0.4,0,0
197.0,3.0,3.0,0,0.4,0,1,0,1,0,0.0,4.308000000000001,109.6,0,0.4,0,1.0
198.0,3.0,3.0,0,0.6,0,1,0,1,0,0.0,4.419794871794872,108.2,0,0.4,0,1.0
199.0,3.0,3.0,0,0.6,0,1,0,1,0,0.5,4.490363636363637,109.2,0,0.2,0,1.0
200.0,3.0,2.0,1.0,0.8,0,1,0,1,0,1.0,4.358212121212121,113.6,0.0,0.0,0.0,1.0
201.0,3.0,2.0,1.0,1.0,0,1,0,0,0,1.0,4.593068965517242,117.0,0.0,0.0,1.0,1.0
202.0,3.0,2.0,1.0,1.0,0,0,0,0,0,1.0,4.7882,119.6,0.3333333333333333,0.0,1.0,0
203.0,3.0,2.0,1.0,0.8,0,0,0,0,0,1.0,4.21875,121.0,0.5,0.0,1.25,0
204.0,3.0,2.0,0.8,0.8,0,0,0,0,0,0,4.763181818181818,118.8,0.4,0,1.4,0
205.0,3.0,1.0,0.75,0.8,0,1,0,0,0,0,3.919857142857143,115.2,0.5,0.0,1.75,1.0
206.0,3.0,1.0,0.6666666666666666,0.8,0,2,0,0,0,0,3.365090909090909,113.0,0.6666666666666666,0.0,1.6666666666666667,1.0
207.0,3.0,1.0,0.5,0.8,0,2,0,0,0,0,3.812416666666667,113.8,0.5,0.0,2.0,1.0
208.0,3.0,1.0,0.0,0.8,0,2,0,0,0,0.0,4.002090909090909,113.6,0.0,0.25,2.0,1.0
209.0,3.0,1.0,0,0.8,0,3,0,0,0,0.5,3.1875714285714283,115.4,0,0.2,0,1.0
210.0,2.0,6.0,1.0,0.6,0,2,0,0,0,0.5,3.6300714285714286,116.4,0.0,0.25,1.0,1.0
211.0,2.0,6.0,0.5,0.4,0,1,1,1,0,0.5,4.129333333333333,94.8,0.5,0.3333333333333333,1.0,1.0
212.0,2.0,6.0,0.6666666666666666,0.4,0,1,1,1,0,0.5,3.873,97.2,0.3333333333333333,0.5,1.3333333333333333,1.0
213.0,2.0,6.0,0.75,0.6,0,1,1,1,0,1.0,3.7175999999999996,99.0,0.5,0.0,1.25,1.0
214.0,2.0,6.0,0.8,0.6,0,0,1,1,1.0,0,5.040000000000001,98.4,0.4,0,1.2,0
215.0,2.0,6.0,0.8,0.8,0,0,1,1,1.0,0,5.565384615384616,99.8,0.4,0,1.4,0
216.0,2.0,5.0,1.0,1.0,0,0,0,0,1.0,0,7.58472,121.4,0.25,0.0,1.5,0
217.0,2.0,5.0,1.0,1.0,0,1,0,0,1.0,0,7.6,120.0,0.3333333333333333,0.5,1.3333333333333333,1.0
218.0,2.0,5.0,1.0,0.8,0,1,0,0,1.0,0,8.789666666666667,118.6,0.0,0.3333333333333333,1.5,1.0
219.0,2.0,5.0,1.0,0.8,0,2,0,0,1.0,0,8.09591304347826,113.0,0.0,0.25,2.0,1.0
220.0,2.0,5.0,0,0.6,0,2,0,0,0,0.0,7.7068518518518525,109.4,0,0.2,0,1.0
221.0,2.0,5.0,0,0.4,0,2,0,0,0,0.0,6.5128,111.2,0,0.4,0,1.0
222.0,2.0,5.0,0,0.2,0,1,0,0,0,0.0,6.862782608695652,111.4,0,0.2,0,1.0
223.0,2.0,5.0,0,0.2,0,1,0,0,0,0.0,6.399809523809525,108.6,0,0.2,0,1.0
224.0,2.0,5.0,0.0,0.2,0,0,0,0,0,0.0,7.047833333333334,112.8,0.0,0.25,1.0,0
225.0,2.0,5.0,0.0,0.2,0,0,1,1,0,0.0,7.838,91.8,0.5,0.3333333333333333,1.0,0
226.0,2.0,5.0,0.3333333333333333,0.4,0,1,1,1,1.0,0,5.507307692307692,93.0,0.3333333333333333,0.0,1.3333333333333333,1.0
227.0,2.0,5.0,0.5,0.6,1,2,1,1,1.0,0,3.5090000000000003,91.8,0.5,0.0,1.5,0.5
228.0,2.0,5.0,0.4,0.6,1,2,1,1,0.5,0,4.319785714285714,93.6,0.4,0,1.6,0.5
229.0,2.0,5.0,0.4,0.4,1,2,1,1,0.5,0,4.2293529411764705,91.0,0.6,0,1.8,0.5
230.0,2.0,5.0,0.6,0.6,1,3,0,0,0.6666666666666666,0,3.7668636363636367,117.0,0.6,0,1.8,0.6666666666666666
231.0,2.0,5.0,0.4,0.4,1,2,1,1,0.5,0,4.286529411764706,92.4,0.6,0,1.6,0.5
232.0,2.0,5.0,0.4,0.4,1,2,1,1,0.5,0,4.28264705882353,91.6,0.6,0,1.6,0.5
233.0,2.0,5.0,0.4,0.4,1,2,1,1,1.0,0,3.3066470588235295,86.2,0.6,0,1.4,0.5
234.0,2.0,5.0,0.4,0.6,1,3,1,1,1.0,0,3.200357142857143,87.0,0.4,0,1.2,0.6666666666666666
235.0,2.0,5.0,0.4,0.6,1,2,1,1,1.0,0,3.4534230769230763,83.8,0.4,0,1.2,0.5
236.0,2.0,4.0,0.5,0.6,1,2,0,0,1.0,0,3.4708378378378377,106.4,0.5,0.0,1.25,0.5
237.0,2.0,4.0,0.3333333333333333,0.4,0,1,0,0,1.0,0,3.739027027027027,106.0,0.3333333333333333,0.5,1.0,1.0
238.0,2.0,4.0,0.5,0.6,0,2,0,0,1.0,0,3.750439024390244,107.2,0.5,0.3333333333333333,1.0,1.0
239.0,2.0,4.0,1.0,0.6,0,1,0,0,0,0,4.63578125,110.8,1.0,0.25,1.0,1.0
240.0,2.0,4.0,0,0.4,0,1,0,0,0,0,4.42225,106.8,0,0.4,0,1.0
241.0,2.0,4.0,0,0.6,0,2,0,0,0,0,4.940222222222222,108.4,0,0.6,0,1.0
242.0,2.0,4.0,0,0.6,0,2,0,0,0,0,4.780129032258064,104.0,0,0.4,0,1.0
243.0,2.0,4.0,0,0.4,0,1,0,0,0,0,4.969766666666667,108.4,0,0.4,0,1.0
244.0,2.0,4.0,0.0,0.4,0,1,0,0,1.0,0,4.592379310344827,104.4,0.0,0.5,0.0,1.0
245.0,2.0,4.0,0.0,0.4,0,1,0,0,1.0,0,4.66034375,104.4,0.0,0.3333333333333333,0.5,1.0
246.0,2.0,4.0,0.3333333333333333,0.4,0,0,0,0,1.0,0,4.380413793103449,104.6,0.3333333333333333,0.0,0.3333333333333333,0
247.0,2.0,4.0,0.5,0.4,0,0,0,1,0.5,0,4.262576923076923,110.4,0.25,0.0,0.25,0
248.0,2.0,4.0,0.6,0.4,0,0,0,1,0.5,0,4.125695652173913,109.8,0.2,0,0.4,0
249.0,2.0,4.0,0.6,0.4,0,0,0,1,0.0,0,4.154809523809524,109.8,0.2,0,0.6,0
250.0,2.0,4.0,0.6,0.4,0,0,0,1,0.0,0,3.9015294117647055,113.2,0.4,0,0.8,0
251.0,2.0,4.0,0.6,0.4,0,1,0,1,0.5,0,3.8507647058823524,114.0,0.2,0,0.8,1.0
252.0,2.0,4.0,0.6,0.4,0,1,0,0,1.0,0,3.678578947368421,116.2,0.2,0,1.2,1.0
253.0,2.0,4.0,0.6,0.4,0,1,0,1,0.5,0,3.770333333333333,117.8,0.2,0,1.2,1.0
254.0,2.0,4.0,0.75,0.2,0,1,0,2,0.5,0,3.9825714285714287,120.4,0.25,1.0,1.25,1.0
255.0,2.0,4.0,1.0,0.4,0,2,0,2,0.5,0,4.013,122.8,0.0,0.5,1.0,1.0
256.0,2.0,4.0,1.0,0.2,0,1,0,2,0.0,0,4.492518518518518,120.2,0.0,0.3333333333333333,1.5,1.0
257.0,2.0,4.0,1.0,0.2,0,1,0,2,0.0,0,4.501970588235294,114.2,0.0,0.5,1.0,1.0
258.0,2.0,4.0,0,0.4,0,2,0,1,0,0,4.4238125,111.6,0,0.6,0,1.0
259.0,2.0,4.0,0,0.4,0,2,0,0,0,0,4.356333333333334,112.0,0,0.4,0,1.0
260.0,2.0,4.0,1.0,0.4,0,2,0,0,0,0,4.427,112.4,0.0,0.5,1.0,1.0
261.0,2.0,4.0,0.5,0.4,0,2,0,0,0,0,3.734892857142857,108.8,0.0,0.6666666666666666,0.5,1.0
262.0,2.0,4.0,0.6666666666666666,0.6,0,2,0,0,0,0,3.461666666666667,112.0,0.0,0.5,0.6666666666666666,1.0
263.0,2.0,4.0,0.5,0.6,0,1,0,0,0,0,3.449421052631579,114.4,0.25,0.0,0.75,1.0
264.0,2.0,4.0,0.6,0.8,1,2,0,0,0,0,2.793421052631579,113.2,0.4,0,1.0,0.5
265.0,2.0,3.0,0.5,0.6,1,1,0,0,0,0,3.0424210526315796,112.6,0.5,0.0,1.0,0.0
266.0,2.0,3.0,0.6666666666666666,0.6,1,1,0,0,0,0,3.886409090909091,111.4,0.6666666666666666,0.5,1.3333333333333333,0.0
267.0,2.0,3.0,0.5,0.4,1,1,0,0,0,0,4.053708333333334,109.8,1.0,0.3333333333333333,1.5,0.0
268.0,2.0,3.0,1.0,0.2,1,1,0,0,0,0,4.667722222222221,109.6,1.0,0.25,2.0,0.0
269.0,2.0,4.0,1.0,0.0,0,0,0,0,0,0,4.854857142857144,112.4,1.0,0.25,2.0,0
270.0,2.0,4.0,0.5,0.0,0,0,1,1,0,0,4.916944444444444,88.0,1.0,0.3333333333333333,2.0,0
271.0,2.0,4.0,0.3333333333333333,0.0,0,0,1,1,0,0,4.727181818181818,91.0,0.6666666666666666,0.0,1.3333333333333333,0
272.0,2.0,4.0,0.5,0.2,0,0,1,1,0,0,4.702888888888889,95.0,0.5,0.0,1.5,0
273.0,2.0,4.0,0.4,0.2,0,0,2,2,0,0,4.7052499999999995,71.0,0.6,0,1.6,0
274.0,3.0,6.0,0.25,0.2,0,0,2,2,0.0,0,4.8468888888888895,65.8,0.5,1.0,1.5,0
275.0,3.0,6.0,0.3333333333333333,0.2,0,0,1,2,0.0,0,4.416125,84.8,0.3333333333333333,0.5,1.3333333333333333,0
276.0,3.0,6.0,0.5,0.4,0,1,1,2,0.0,0,4.367125,85.8,0.5,0.3333333333333333,2.0,1.0
277.0,3.0,6.0,0.0,0.4,0,2,1,2,0.5,0,3.9484285714285723,78.6,1.0,0.25,2.0,1.0
278.0,3.0,6.0,0,0.6,0,3,0,1,0.5,0,3.67236,103.2,0,0.2,0,1.0
279.0,3.0,6.0,0,0.6,0,3,0,1,1.0,0.0,3.6033333333333335,107.2,0,0.0,0,1.0
280.0,3.0,6.0,0,0.6,0,3,0,0,1.0,0.0,3.6694,113.0,0,0.0,0,1.0
281.0,3.0,6.0,0,0.6,0,3,0,0,1.0,0.0,3.8654444444444445,114.0,0,0.2,0,1.0
282.0,3.0,6.0,0,0.4,0,2,0,0,0,0.0,3.9944999999999995,120.8,0,0.2,0,1.0
283.0,3.0,6.0,0,0.2,0,1,0,1,0.0,0.0,4.33252380952381,114.8,0,0.2,0,1.0
284.0,3.0,6.0,1.0,0.2,0,1,0,1,0.0,0,4.603035714285714,115.4,0.0,0.25,0.0,1.0
285.0,3.0,6.0,1.0,0.4,0,2,0,1,0.0,0,4.3988125,113.6,0.0,0.3333333333333333,0.5,1.0
286.0,3.0,6.0,0.6666666666666666,0.2,0,1,0,2,0.0,0,4.49165,109.8,0.0,0.0,0.6666666666666666,1.0
287.0,3.0,6.0,0.75,0.4,0,1,0,2,0.0,0,4.509363636363636,108.2,0.25,0.0,1.0,1.0
288.0,3.0,6.0,0.6,0.4,0,1,0,1,0,0,4.339130434782609,108.2,0.2,0,1.2,1.0
289.0,3.0,6.0,0.6,0.6,0,1,0,1,0,0,3.87034375,108.6,0.2,0,1.4,1.0
290.0,3.0,6.0,0.4,0.6,0,1,0,1,0,0,3.790033333333333,105.8,0.2,0,1.2,1.0
291.0,3.0,6.0,0.4,0.8,0,2,0,0,0,0,3.785057142857143,104.2,0.2,0,1.0,1.0
292.0,3.0,5.0,0.25,0.8,0,3,0,0,0,0,3.7762749999999996,104.0,0.0,1.0,0.75,1.0
293.0,3.0,5.0,0.3333333333333333,0.8,0,3,0,0,0,0,3.8315641025641023,109.0,0.0,0.5,0.3333333333333333,1.0
294.0,3.0,5.0,0.0,0.8,0,4,0,0,1.0,0,3.5165666666666664,102.2,0.0,0.3333333333333333,0.0,1.0
295.0,3.0,5.0,0.0,0.6,0,3,0,0,1.0,0,3.805,107.0,0.0,0.25,0.0,1.0
296.0,3.0,5.0,0,0.6,0,2,0,0,1.0,0,3.9065999999999996,114.2,0,0.2,0,1.0
297.0,3.0,5.0,0,0.6,0,2,0,0,1.0,1.0,4.093677419354838,115.0,0,0.2,0,1.0
298.0,3.0,4.0,1.0,0.8,0,2,0,0,1.0,1.0,4.013758620689655,113.4,0.0,0.25,1.0,1.0
299.0,3.0,4.0,1.0,0.8,0,1,0,0,0,1.0,4.269272727272727,119.6,0.0,0.3333333333333333,1.5,1.0
300.0,3.0,4.0,1.0,1.0,0,1,0,0,0,1.0,4.2017,117.4,0.0,0.5,1.6666666666666667,1.0
301.0,3.0,4.0,1.0,1.0,1,2,0,0,0,1.0,4.024578947368421,117.4,0.25,1.0,1.75,0.5
302.0,3.0,3.0,1.0,0.8,1,1,0,0,0,0,3.4145000000000003,114.6,0.25,1.0,1.75,0.0
303.0,3.0,3.0,1.0,0.6,1,1,0,0,0,0,4.064166666666667,116.8,0.3333333333333333,1.0,2.0,0.0
304.0,3.0,3.0,1.0,0.4,1,1,0,0,0,0,5.172166666666667,117.8,0.5,0.6666666666666666,2.0,0.0
305.0,3.0,3.0,1.0,0.4,1,1,0,0,0,0,4.824714285714286,115.0,1.0,0.75,2.0,0.0
306.0,3.0,3.0,0,0.2,0,0,0,0,0,0,5.930888888888889,115.0,0,0.6,0,0
307.0,3.0,3.0,0.0,0.2,0,0,0,0,0,0,5.878833333333333,113.4,0.0,0.5,1.0,0
308.0,3.0,3.0,0.0,0.4,0,0,0,0,1.0,0,5.225928571428571,113.4,0.0,0.3333333333333333,1.0,0
309.0,3.0,3.0,0.3333333333333333,0.4,0,0,0,0,1.0,0,5.044533333333333,112.4,0.0,0.5,1.0,0
310.0,3.0,3.0,0.25,0.4,0,0,0,0,1.0,0,4.959285714285714,112.4,0.0,0.0,0.75,0
311.0,3.0,3.0,0.4,0.6,0,0,0,0,1.0,0,4.553571428571429,113.4,0.0,0,0.8,0
312.0,3.0,3.0,0.6,0.8,1,1,0,0,1.0,0,4.000363636363637,118.2,0.2,0,1.0,0.0
313.0,3.0,2.0,0.75,0.6,1,1,0,0,0,0,4.320111111111111,118.6,0.25,0.0,1.0,0.0
314.0,3.0,2.0,0.6666666666666666,0.8,1,2,0,0,0,0,3.1136363636363638,118.4,0.3333333333333333,0.5,1.0,0.5
315.0,3.0,2.0,1.0,0.6,1,2,0,0,0,0,4.125421052631578,120.2,0.5,0.6666666666666666,1.5,0.5
316.0,3.0,2.0,1.0,0.6,1,3,0,0,0,0,3.9298500000000005,117.6,1.0,0.5,2.0,0.6666666666666666
317.0,3.0,2.0,0,0.4,0,2,0,0,0,0,4.216363636363637,114.0,0,0.4,0,1.0
318.0,3.0,2.0,0,0.4,0,2,0,0,0,0,4.269333333333333,114.2,0,0.4,0,1.0
319.0,3.0,2.0,1.0,0.2,0,1,0,1,0,0,4.5525,113.0,1.0,0.25,2.0,1.0
320.0,3.0,2.0,0.5,0.4,0,1,0,1,0,0,4.1525,108.8,0.5,0.0,1.5,1.0
321.0,3.0,2.0,0.3333333333333333,0.4,0,0,0,1,0,0,4.0938823529411765,105.6,0.6666666666666666,0.0,1.3333333333333333,0
322.0,3.0,2.0,0.5,0.6,0,1,0,1,0,0,3.746529411764706,107.6,0.5,0.0,1.5,1.0
323.0,3.0,2.0,0.4,0.8,1,2,0,1,0,0,3.6561333333333335,104.4,0.6,0,1.6,0.5
324.0,3.0,1.0,0.25,0.8,1,2,0,0,0,0,3.5636875,104.2,0.5,0.0,1.5,0.5
325.0,3.0,1.0,0.3333333333333333,0.6,1,2,0,0,0,0,4.611375000000001,108.6,0.6666666666666666,0.5,1.6666666666666667,0.5
326.0,3.0,1.0,0.5,0.4,1,2,0,0,0,0,5.360166666666665,110.4,0.5,0.3333333333333333,2.0,0.5
327.0,3.0,1.0,0.0,0.4,1,1,0,0,0,0,6.493909090909091,112.0,1.0,0.25,2.0,0.0
328.0,3.0,1.0,0,0.2,0,0,0,0,0,0,6.281272727272728,110.2,0,0.4,0,0
329.0,3.0,1.0,1.0,0.2,0,0,0,1,0,0,7.27975,113.4,0.0,0.5,2.0,0
330.0,3.0,1.0,1.0,0.4,0,1,0,1,0,0,4.131277777777778,116.0,0.0,0.3333333333333333,2.0,1.0
331.0,3.0,1.0,1.0,0.6,0,2,0,1,1.0,0,3.7822727272727277,117.2,0.0,0.5,2.0,1.0
332.0,3.0,1.0,1.0,0.4,0,2,0,1,1.0,0,3.248208333333334,117.4,0.0,1.0,2.0,1.0
333.0,3.0,1.0,1.0,0.6,0,2,0,1,1.0,0,3.404166666666667,123.6,0.0,0,2.0,1.0
334.0,3.0,1.0,1.0,0.8,0,2,0,0,1.0,0,3.70956,124.0,0.0,0,1.8,1.0
