5.0,1.0,1.0,-0.6,0.19999999999999996,-1.0,-1.0,0.0,-3.0,-1.0,0.0,1.18828714325801,0.0,-0.2,0.2,-1.0,0.0
6.0,1.0,1.0,-0.6,-0.19999999999999996,-1.0,-1.0,0.0,-1.0,-1.0,0.0,1.1279105569025902,0.0,-0.2,0.4,-0.8,0.0
7.0,1.0,1.0,-0.8,-0.6000000000000001,-1.0,-1.0,0.0,0.0,-1.0,0.0,1.0955023364485983,0.0,-0.4,0.4,-1.2,0.0
8.0,1.0,1.0,-0.8,-0.6000000000000001,0.0,0.0,0.0,0.0,-1.0,0.0,1.1442788085014446,0.0,-0.4,0.6,-1.2,0.0
9.0,1.0,1.2,-0.75,-1.0,0.0,-1.0,0.0,1.0,-1.0,0.0,1.1259097148481003,0.0,-0.5,-0.25,-1.25,-1.0
10.0,1.0,1.2,-0.16666666666666663,-0.6000000000000001,0.0,-1.0,0.0,1.0,-1.0,0.0,1.1498302867997383,0.0,0.16666666666666669,0.5,-0.8333333333333333,-1.0
11.0,1.0,1.2,-0.33333333333333337,-0.6000000000000001,0.0,-1.0,0.0,1.0,-1.0,0.0,1.173456538646717,0.0,-0.16666666666666669,0.6666666666666667,-1.3333333333333335,-1.0
12.0,1.0,1.2,-0.25,-0.19999999999999996,0.0,-1.0,0.0,1.0,-1.0,0.0,1.0939654063195046,0.0,0.25,0.75,-1.0,-1.0
13.0,1.0,1.2,0.8,0.19999999999999996,0.0,0.0,0.0,1.0,0.0,0.0,0.8091926101131495,0.0,0.4,-0.2,1.2,0.0
14.0,1.0,1.2,0.8,0.6000000000000001,0.0,2.0,0.0,1.0,0.0,0.0,0.7925882993068534,0.0,0.4,0.0,1.4,1.0
15.0,1.0,1.0,-0.25,0.19999999999999996,0.0,1.0,0.0,1.0,0.0,0.0,0.8295795973408409,0.0,-0.75,1.0,-0.5,0.0
16.0,1.0,1.0,0.16666666666666663,0.6000000000000001,0.0,1.0,0.0,0.0,0.0,0.0,0.8646811584685099,0.0,-0.16666666666666669,0.5,0.16666666666666674,0.0
17.0,1.0,1.0,-0.16666666666666663,0.19999999999999996,-1.0,0.0,0.0,0.0,0.0,0.0,0.8918601950766369,0.0,-0.16666666666666663,0.3333333333333333,-0.16666666666666674,0.5
18.0,1.0,1.0,-0.75,-0.19999999999999996,-1.0,-2.0,0.0,0.0,0.0,0.0,1.1705299008314136,0.0,-0.5,0.25,-0.75,0.33333333333333337
19.0,1.0,1.0,-0.6,-0.6000000000000001,-1.0,-3.0,0.0,0.0,0.0,0.0,1.2858097810101874,0.0,-0.4,0.4,-1.6,-0.6666666666666666
20.0,1.0,1.25,0.5,-0.19999999999999996,-1.0,-1.0,0.0,0.0,1.0,0.0,1.1552015168682221,0.0,0.75,0.25,-0.5,0.5
21.0,1.0,1.25,0.33333333333333337,-0.19999999999999996,0.0,0.0,0.0,0.0,1.0,0.0,1.188525415198792,0.0,0.6666666666666667,0.3333333333333333,-0.16666666666666674,0.0
22.0,1.0,1.25,0.5,0.19999999999999996,1.0,1.0,0.0,0.0,1.0,0.0,1.2137259170567103,0.0,1.0,0.5,-0.16666666666666674,-0.5
23.0,1.0,1.25,1.0,0.6000000000000001,1.0,2.0,0.0,0.0,1.0,0.0,1.088720611936862,0.0,0.75,1.0,0.5,0.5
24.0,1.0,1.0,1.0,1.0,1.0,2.0,0.0,-1.0,1.0,0.0,1.2104545299553313,0.0,0.75,0.0,-0.5,0.5
25.0,1.0,1.0,0.5,0.6000000000000001,1.0,1.0,0.0,-1.0,0.0,0.0,1.235180935569285,0.0,0.6666666666666666,0.0,-0.33333333333333326,0.0
26.0,1.0,1.0,0.33333333333333337,0.19999999999999996,0.0,-1.0,0.0,-1.0,-1.0,0.0,1.2394263339444977,0.0,0.16666666666666669,0.0,-0.5,-1.0
27.0,1.0,1.0,0.25,-0.19999999999999996,0.0,-1.0,0.0,-1.0,-1.0,0.0,1.1386115198654614,0.0,-0.25,0.0,0.0,-1.0
28.0,1.0,1.0,-0.8,-0.19999999999999996,0.0,0.0,0.0,-1.0,-0.6666666666666666,0.0,1.2034265248302773,0.0,-0.2,0.0,-2.0,0.0
29.0,1.0,1.0,-1.0,-0.19999999999999996,0.0,0.0,0.0,0.0,-0.6666666666666666,0.0,1.0936320047947254,0.0,-0.2,0.2,-1.8,0.0
30.0,1.0,1.0,-1.0,-0.19999999999999996,0.0,0.0,0.0,0.0,-0.6666666666666666,0.0,1.124349528159264,0.0,-0.2,0.4,-1.8,0.0
31.0,1.0,1.0,-0.8,-0.19999999999999996,0.0,1.0,0.0,0.0,-0.5,0.0,1.1087287578306164,0.0,0.0,0.6,-1.4,1.0
32.0,1.0,1.3333333333333333,0.25,0.19999999999999996,0.0,1.0,0.0,-1.0,0.0,0.0,1.0976772972185818,0.0,1.0,0.75,0.75,1.0
33.0,1.0,1.3333333333333333,0.33333333333333337,0.19999999999999996,0.0,0.0,0.0,-1.0,1.0,0.0,1.079695537888439,0.0,0.5,1.0,1.0,0.0
34.0,1.0,1.3333333333333333,0.16666666666666663,0.19999999999999996,0.0,0.0,0.0,-1.0,1.0,0.0,1.1164779923231298,0.0,0.3333333333333333,1.0,0.6666666666666667,0.0
35.0,1.0,1.3333333333333333,0.5,0.6000000000000001,0.0,0.0,0.0,-2.0,1.0,0.0,1.1467382903076206,0.0,0.5,0.75,1.75,0.0
36.0,1.0,1.0,-0.5,0.6000000000000001,0.0,0.0,0.0,-1.0,0.0,0.0,1.2536697577456688,0.0,-0.5,-0.25,0.75,0.0
37.0,1.0,1.0,-0.16666666666666669,0.6000000000000001,0.0,0.0,0.0,-1.0,0.0,0.0,1.1859251079208915,0.0,-0.16666666666666669,0.16666666666666669,0.6666666666666667,0.0
38.0,1.0,1.0,-0.6666666666666666,0.19999999999999996,0.0,0.0,0.0,-1.0,-1.0,0.0,1.193239608288152,0.0,-0.16666666666666663,0.16666666666666663,0.16666666666666674,0.0
39.0,1.0,1.0,-0.5,0.19999999999999996,0.0,0.0,0.0,-2.0,-1.0,0.0,1.189298659216717,0.0,0.5,-0.5,1.0,0.0
40.0,1.0,1.0,-0.4,0.19999999999999996,0.0,0.0,0.0,-2.0,-1.0,0.0,1.116195267881425,0.0,-0.4,0.4,-1.0,0.0
41.0,1.0,1.0,-0.4,0.19999999999999996,0.0,-1.0,0.0,-3.0,0.0,0.0,1.117194411677971,0.0,-0.2,0.4,-0.8,-1.0
42.0,1.0,1.0,-0.6,-0.19999999999999996,0.0,-1.0,0.0,-2.0,-1.0,0.0,1.3540894086963606,0.0,-0.4,0.4,-1.0,-1.0
43.0,1.0,1.0,-0.4,-0.19999999999999996,0.0,-1.0,0.0,-1.0,-1.0,0.0,1.2655454387287597,0.0,-0.2,0.2,-0.6,-1.0
44.0,1.0,1.5,-0.5,-0.6000000000000001,0.0,-1.0,0.0,1.0,-1.0,0.0,1.2419354838709675,0.0,-0.25,0.25,1.25,-1.0
45.0,1.0,1.5,-0.16666666666666663,-0.6000000000000001,0.0,0.0,0.0,2.0,0.0,0.0,1.2927513214383208,0.0,-0.3333333333333333,0.3333333333333333,0.33333333333333337,0.0
46.0,1.0,1.5,0.16666666666666663,-0.6000000000000001,0.0,1.0,0.0,3.0,0.0,0.0,1.1286243786336758,0.0,-0.16666666666666669,0.5,0.0,1.0
47.0,1.0,1.5,0.75,-0.6000000000000001,0.0,0.0,0.0,3.0,0.0,0.0,0.9932034784136325,0.0,0.5,0.0,1.25,0.0
48.0,1.0,1.5,0.6,-0.19999999999999996,0.0,0.0,0.0,1.0,0.0,0.0,1.0598212596409613,0.0,0.4,0.0,1.4,0.0
49.0,1.0,1.5,0.8,-0.19999999999999996,0.0,0.0,0.0,1.0,0.0,-0.5,1.0358950044551987,0.0,0.4,-0.2,1.2,0.0
50.0,1.0,4.0,0.75,-0.6000000000000001,0.0,-1.0,0.0,1.0,-1.0,-0.5,1.046988707211745,0.0,-0.5,0.75,1.5,-1.0
51.0,1.0,4.0,0.6666666666666666,-0.6000000000000001,0.0,-1.0,0.0,0.0,-1.0,-0.5,1.0771626193969517,0.0,-0.16666666666666669,0.6666666666666667,1.6666666666666667,-1.0
52.0,1.0,4.0,0.5,-0.19999999999999996,0.0,0.0,0.0,0.0,0.0,-0.5,1.0883962970683836,0.0,-0.3333333333333333,0.16666666666666663,1.5,0.0
53.0,1.0,4.0,0.75,-0.19999999999999996,0.0,1.0,0.0,1.0,0.0,-1.0,1.0578031138899104,0.0,-0.5,-0.5,0.5,1.0
54.0,1.0,4.0,-0.4,-0.19999999999999996,0.0,0.0,0.0,0.0,0.0,0.0,1.1289377665861553,0.0,-0.4,0.4,-0.8,1.0
55.0,1.0,4.0,-0.6,0.19999999999999996,0.0,0.0,0.0,0.0,0.0,0.0,0.8496474831939662,0.0,-0.2,0.4,-1.0,1.0
56.0,1.0,4.0,-0.8,0.19999999999999996,0.0,0.0,0.0,0.0,0.0,0.0,0.8561710139521664,0.0,-0.2,0.2,-1.4,1.0
57.0,1.0,4.0,-1.0,-0.19999999999999996,0.0,0.0,0.0,0.0,-0.5,0.0,0.8077016532700924,0.0,-0.2,0.2,-1.4,1.0
58.0,1.5,1.0,0.0,-0.19999999999999996,0.0,0.0,0.0,0.0,-1.0,0.0,0.8263991614337914,0.0,0.0,-0.75,0.75,1.0
59.0,1.5,1.0,0.0,-0.19999999999999996,0.0,0.0,0.0,0.0,-1.0,0.0,0.8215599069650491,0.0,0.0,-0.6666666666666667,1.0,0.0
60.0,1.5,1.0,0.0,-0.19999999999999996,0.0,1.0,0.0,0.0,-1.0,0.0,1.0265902471107768,0.0,0.0,-0.6666666666666666,1.0,-0.5
61.0,1.5,1.0,0.0,-0.19999999999999996,0.0,0.0,0.0,0.0,-1.0,0.0,0.9686551001671415,0.0,0.0,-0.5,2.0,-0.5
62.0,1.5,1.0,1.0,-0.19999999999999996,0.0,-1.0,0.0,0.0,0.0,0.0,0.9859341940498294,0.0,0.0,-0.4,2.0,-0.5
63.0,1.5,1.0,1.0,-0.19999999999999996,0.0,-1.0,0.0,0.0,0.0,0.0,0.9166176679304961,0.0,0.0,-0.4,1.8,-0.5
64.0,1.5,1.0,0.8,0.19999999999999996,0.0,0.0,0.0,0.0,0.0,0.0,0.8088797446898051,0.0,0.2,-0.2,1.8,-0.5
65.0,1.5,1.0,0.8,-0.19999999999999996,0.0,-1.0,0.0,0.0,0.0,0.0,0.8385659426025268,0.0,0.2,-0.4,1.8,0.0
66.0,1.5,1.0,0.8,0.19999999999999996,0.0,0.0,0.0,-1.0,0.0,0.0,0.8934084272006675,0.0,0.4,-0.6,1.6,0.0
67.0,1.5,1.0,0.8,0.19999999999999996,0.0,1.0,0.0,0.0,0.0,0.0,0.8077431821580151,0.0,0.6,-0.6,1.6,1.0
68.0,1.5,1.0,0.8,0.19999999999999996,0.0,0.0,0.0,0.0,0.0,0.0,0.796517641650385,0.0,0.8,-0.6,1.8,0.0
69.0,1.5,1.0,1.0,0.19999999999999996,0.0,0.0,0.0,0.0,0.5,0.0,0.9773838124430454,0.0,0.6,-0.6,1.8,0.0
70.0,1.5,0.8333333333333334,1.0,0.6000000000000001,0.0,0.0,0.0,-1.0,0.5,0.0,1.0198548877340918,0.0,0.75,0.5,1.75,0.0
71.0,1.5,0.8333333333333334,0.5,0.6000000000000001,0.0,0.0,0.0,-1.0,0.5,0.0,1.0376265516330663,0.0,0.6666666666666666,0.16666666666666669,1.0,0.0
72.0,1.5,0.8333333333333334,0.33333333333333337,0.6000000000000001,0.0,-1.0,0.0,-2.0,1.0,0.0,1.3051458885941645,0.0,0.5,-0.16666666666666669,0.6666666666666667,-1.0
73.0,1.5,0.8333333333333334,0.25,0.19999999999999996,0.0,-1.0,0.0,-2.0,0.0,0.0,1.2963809636908825,0.0,-0.25,0.25,0.5,-1.0
74.0,1.5,0.8333333333333334,-0.8,0.19999999999999996,0.0,-1.0,0.0,-2.0,-1.0,0.0,1.0413848474526786,0.0,-0.2,0.4,-1.6,-1.0
75.0,1.5,0.8333333333333334,-1.0,-0.19999999999999996,0.0,-1.0,0.0,-1.0,-1.0,0.0,1.0396997859050123,0.0,-0.4,0.4,-2.0,-1.0
76.0,1.5,0.8333333333333334,-1.0,-0.6000000000000001,0.0,-1.0,0.0,0.0,-1.0,0.0,1.0417880340501071,0.0,-0.6,0.6,-2.0,-1.0
77.0,1.5,0.8333333333333334,-1.0,-0.6000000000000001,0.0,0.0,0.0,0.0,-1.0,0.0,1.0004505256132157,0.0,-0.6,0.6,-1.6,0.0
78.0,1.5,1.0,0.0,-0.19999999999999996,0.0,1.0,0.0,0.0,0.0,0.0,0.8696937697993663,0.0,-0.5,0.75,-0.5,1.0
79.0,1.5,1.0,-0.5,-0.6000000000000001,0.0,1.0,0.0,0.0,0.0,0.0,0.9600782297108784,0.0,-0.16666666666666663,0.6666666666666666,0.16666666666666674,1.0
80.0,1.5,1.0,-0.33333333333333337,-0.19999999999999996,0.0,1.0,0.0,0.0,0.0,0.0,0.9023449264969524,0.0,-0.16666666666666669,0.5,0.6666666666666667,1.0
81.0,1.5,1.0,-0.5,0.19999999999999996,0.0,1.0,0.0,0.0,0.0,0.0,0.8628575741565402,0.0,0.25,0.0,1.5,1.0
82.0,1.5,1.0,0.6,0.6000000000000001,0.0,1.0,0.0,0.0,0.0,0.0,0.8267399951178186,0.0,0.2,0.0,1.6,1.0
83.0,1.5,0.8,0.5,0.6000000000000001,0.0,1.0,0.0,0.0,0.0,0.0,1.0555119278222782,0.0,0.25,1.0,-0.25,1.0
84.0,1.5,0.8,0.16666666666666663,1.0,0.0,1.0,0.0,-1.0,0.0,0.0,1.1094912644911477,0.0,0.0,1.0,-0.33333333333333326,1.0
85.0,1.5,0.8,-0.16666666666666663,1.0,0.0,1.0,0.0,-2.0,0.0,0.0,1.3138059701492537,0.0,-0.3333333333333333,1.0,-0.5,1.0
86.0,1.5,0.8,0.25,1.0,0.0,1.0,0.0,-2.0,0.0,1.0,1.2890606657154724,0.0,-0.25,1.0,0.25,1.0
87.0,1.5,0.6,-0.75,1.0,0.0,1.0,0.0,-2.0,0.0,1.0,1.3579782790309105,0.0,0.75,1.0,-1.75,1.0
88.0,1.5,0.6,-0.5,1.0,0.0,1.0,0.0,-2.0,1.0,1.0,1.2741236634123663,0.0,0.16666666666666669,1.0,-0.6666666666666667,1.0
89.0,1.5,0.6,-0.33333333333333337,1.0,0.0,2.0,0.0,-1.0,1.0,1.0,1.1324434346303134,0.0,-0.16666666666666669,0.6666666666666667,-0.5,1.0
90.0,1.5,0.6,-0.5,0.6000000000000001,0.0,2.0,0.0,0.0,1.0,1.0,0.9782739656814163,0.0,0.25,0.5,0.0,1.0
91.0,1.5,0.6,0.6,0.6000000000000001,0.0,2.0,0.0,0.0,1.0,0.0,0.9752723270201542,0.0,0.4,-0.4,1.2,1.0
92.0,1.5,0.4,-0.25,0.19999999999999996,0.0,2.0,0.0,0.0,1.0,0.0,0.735056441708193,0.0,0.25,-0.5,-0.5,1.0
93.0,1.5,0.4,-0.33333333333333337,-0.19999999999999996,0.0,1.0,0.0,0.0,0.0,0.0,0.7271425433779926,0.0,-0.16666666666666669,-0.6666666666666666,-0.6666666666666667,1.0
94.0,1.5,0.4,-0.5,-0.6000000000000001,0.0,0.0,0.0,0.0,0.0,0.0,0.7931932389218821,0.0,0.16666666666666669,-0.16666666666666669,-0.16666666666666674,0.0
95.0,1.5,0.4,0.0,-0.6000000000000001,-1.0,-1.0,0.0,0.0,0.0,0.0,0.7671670361652878,0.0,0.75,0.25,0.25,0.0
96.0,1.5,0.5,0.0,-0.6000000000000001,0.0,0.0,0.0,0.0,0.0,0.0,0.7305219711948828,0.0,0.75,0.25,0.25,0.0
97.0,1.5,0.5,-0.5,-0.19999999999999996,0.0,1.0,0.0,0.0,0.0,0.0,0.9329987452948557,0.0,0.16666666666666669,-0.16666666666666669,-0.16666666666666674,0.5
98.0,1.5,0.5,-0.33333333333333337,0.19999999999999996,0.0,2.0,0.0,0.0,0.0,0.0,0.828898884066143,0.0,0.3333333333333333,0.16666666666666669,-0.16666666666666674,0.6666666666666666
99.0,1.5,0.5,-0.25,0.6000000000000001,0.0,2.0,0.0,0.0,0.0,0.0,0.7466816556506665,0.0,0.25,-0.5,-0.5,0.6666666666666666
100.0,1.5,0.2,0.75,0.6000000000000001,1.0,3.0,0.0,0.0,0.0,0.0,0.7830709947096858,0.0,0.25,0.5,0.5,0.6666666666666666
101.0,1.5,0.2,0.16666666666666663,0.6000000000000001,0.0,2.0,0.0,-1.0,0.0,0.0,0.9068265200530985,0.0,0.0,-0.16666666666666663,-0.16666666666666674,1.0
102.0,1.5,0.2,0.6666666666666667,0.19999999999999996,0.0,1.0,0.0,-1.0,0.0,0.0,1.0482638888888889,0.0,0.0,0.16666666666666663,-0.16666666666666674,1.0
103.0,1.5,0.2,0.5,-0.19999999999999996,-1.0,-1.0,0.0,-1.0,0.0,0.0,1.2915574596774193,0.0,0.0,-0.5,0.25,0.0
104.0,1.5,0.2,-0.4,-0.6000000000000001,-1.0,-2.0,0.0,-1.0,-0.5,0.0,1.4552513060709784,0.0,0.0,0.4,-1.6,-0.5
105.0,1.5,0.25,-0.5,-0.19999999999999996,-1.0,-2.0,0.0,-1.0,-0.5,0.0,1.3390375806229222,0.0,0.0,-0.75,0.25,-0.5
106.0,1.5,0.25,0.16666666666666669,-0.19999999999999996,-1.0,-1.0,0.0,0.0,-1.0,0.0,1.2138047138047139,0.0,0.0,-0.6666666666666667,0.33333333333333326,0.5
107.0,1.5,0.25,-0.16666666666666669,0.19999999999999996,-1.0,0.0,0.0,0.0,0.0,0.0,1.0737647877522616,0.0,0.3333333333333333,-0.6666666666666666,0.5,0.5
108.0,1.5,0.25,0.25,0.19999999999999996,0.0,1.0,1.0,1.0,0.0,0.0,1.0716816701781269,0.0,0.5,-0.5,0.75,0.0
109.0,1.5,0.25,0.2,0.19999999999999996,0.0,2.0,1.0,2.0,1.0,0.0,0.8162171784601691,0.0,0.4,-0.4,1.6,1.0
110.0,1.5,0.25,0.4,0.19999999999999996,0.0,3.0,1.0,2.0,1.0,0.0,0.8885730201110235,0.0,0.6,-0.2,1.2,1.0
111.0,1.0,1.0,0.25,0.19999999999999996,0.0,2.0,1.0,1.0,1.0,0.0,1.088620212868581,0.0,0.75,1.0,-1.0,1.0
112.0,1.0,1.0,-0.16666666666666669,-0.19999999999999996,0.0,1.0,1.0,1.0,0.0,0.0,1.1900003422196366,0.0,0.6666666666666666,0.5,-1.3333333333333335,1.0
113.0,1.0,1.0,-0.16666666666666663,-0.19999999999999996,0.0,0.0,0.0,0.0,0.0,0.0,1.2047039312502357,0.0,0.5,0.3333333333333333,-1.5,1.0
114.0,1.0,1.0,0.25,-0.19999999999999996,0.0,0.0,0.0,-1.0,0.0,0.0,1.2809315626848992,0.0,1.0,0.25,-2.0,1.0
115.0,1.0,1.0,-0.8,-0.6000000000000001,0.0,-1.0,0.0,-1.0,-1.0,0.0,1.2404331121201535,0.0,0.0,0.2,-2.0,0.0
116.0,1.0,1.2,0.0,-0.6000000000000001,0.0,-1.0,0.0,0.0,0.0,0.0,1.1430808197098778,0.0,0.0,0.0,-1.0,0.0
117.0,1.0,1.2,-0.5,-0.19999999999999996,0.0,-1.0,0.0,0.0,1.0,0.0,1.1312864186463472,0.0,0.0,-0.5,-1.0,0.0
118.0,1.0,1.2,-0.6666666666666667,-0.19999999999999996,0.0,0.0,1.0,1.0,1.0,0.0,1.1278458585560316,0.0,0.3333333333333333,-0.3333333333333333,-0.6666666666666667,0.0
119.0,1.0,1.2,-0.5,0.19999999999999996,0.0,0.0,1.0,1.0,1.0,0.0,1.1313212634101588,0.0,0.25,-0.25,-0.5,0.0
120.0,1.0,1.2,0.4,0.6000000000000001,0.0,0.0,1.0,0.0,1.0,0.0,1.0992678451392548,0.0,0.2,-0.2,1.4,0.0
121.0,1.0,1.0,-0.75,0.6000000000000001,0.0,0.0,1.0,-1.0,0.0,0.0,1.2041788921490177,0.0,-0.75,0.75,-0.5,0.0
122.0,1.0,1.0,-0.16666666666666669,0.6000000000000001,0.0,0.0,1.0,-1.0,1.0,0.0,1.2579368015984607,0.0,-0.16666666666666669,0.5,0.6666666666666667,0.0
123.0,1.0,1.0,-0.16666666666666663,1.0,0.0,0.0,0.0,-3.0,1.0,0.0,1.2736551336673065,0.0,-0.3333333333333333,0.3333333333333333,0.5,0.0
124.0,1.0,1.0,-0.75,0.6000000000000001,0.0,0.0,0.0,-3.0,0.5,0.0,1.7082279969427951,0.0,-0.5,0.25,-0.25,0.0
125.0,1.0,1.0,-0.8,0.19999999999999996,-1.0,-1.0,0.0,-2.0,0.5,0.0,1.9927825422433556,0.0,-0.4,0.2,-1.4,0.0
126.0,1.0,1.0,-0.6,-0.19999999999999996,-1.0,-1.0,0.0,-1.0,0.5,0.0,2.1414301613800775,0.0,-0.2,0.2,-1.0,0.0
127.0,1.0,1.0,-0.6,-0.19999999999999996,-1.0,-1.0,0.0,-2.0,-0.5,0.0,2.2140278188813256,0.0,-0.2,0.2,-1.2,0.0
128.0,1.0,1.0,-0.4,-0.6000000000000001,-1.0,-1.0,0.0,0.0,-1.0,0.0,2.0062449290684237,0.0,-0.2,0.4,-1.2,0.0
129.0,1.0,1.0,-0.4,-0.6000000000000001,-1.0,-2.0,0.0,0.0,-1.0,0.0,1.2666794007695037,0.0,0.0,0.4,-1.2,-0.5
130.0,1.0,1.0,-0.4,-0.19999999999999996,0.0,-1.0,0.0,-1.0,-1.0,0.0,1.3088224702916817,0.0,0.0,0.4,-1.2,-1.0
131.0,1.0,1.0,-0.6,0.19999999999999996,0.0,0.0,0.0,-1.0,-1.0,0.0,1.347603615896299,0.0,0.0,0.4,-1.6,0.0
132.0,1.0,1.0,-0.8,-0.19999999999999996,0.0,-1.0,0.0,0.0,-1.0,0.0,1.3532875572201413,0.0,0.0,0.6,-1.4,0.0
133.0,1.0,1.0,-1.0,0.19999999999999996,0.0,-1.0,0.0,-1.0,-1.0,0.0,1.4792947266256877,0.0,0.0,0.6,-1.6,0.0
134.0,1.0,1.0,-1.0,0.6000000000000001,0.0,1.0,0.0,-1.0,0.0,0.5,1.4623704463827605,0.0,0.0,0.6,-1.4,0.0
135.0,1.0,0.8,-1.0,0.6000000000000001,0.0,1.0,0.0,0.0,0.0,0.5,1.1921253685633768,0.0,0.0,0.75,0.75,0.0
136.0,1.0,0.8,-0.5,0.6000000000000001,0.0,0.0,0.0,0.0,0.0,0.5,1.1193953953251854,0.0,0.0,0.6666666666666666,1.0,0.0
137.0,1.0,0.8,-0.33333333333333337,1.0,0.0,1.0,0.0,0.0,0.0,1.0,1.0249260288711557,0.0,0.0,0.16666666666666669,0.16666666666666674,1.0
138.0,1.0,0.8,-0.25,0.6000000000000001,0.0,1.0,0.0,1.0,0.0,1.0,0.9693531932258723,0.0,0.0,-0.25,0.75,1.0
139.0,1.0,0.8,0.8,0.19999999999999996,0.0,-1.0,0.0,1.0,0.0,0.0,0.9094674980290977,0.0,0.0,-0.2,1.8,-1.0
140.0,1.0,0.8,1.0,-0.19999999999999996,0.0,-1.0,0.0,2.0,0.0,0.0,0.9991859690668243,0.0,0.0,-0.4,1.6,-1.0
141.0,1.0,0.8,0.8,-0.19999999999999996,0.0,-1.0,0.0,2.0,0.0,0.0,1.0059888943803237,0.0,0.0,-0.4,1.4,-1.0
142.0,1.0,0.8,0.6,-0.19999999999999996,0.0,-1.0,0.0,2.0,0.5,0.0,0.978825951075019,0.0,0.0,-0.2,1.6,-1.0
143.0,1.0,0.6,-0.5,0.19999999999999996,0.0,-1.0,0.0,0.0,0.5,0.0,1.0116029280974206,0.0,-1.0,-0.25,-0.5,-1.0
144.0,1.0,0.6,-0.6666666666666667,0.19999999999999996,0.0,0.0,0.0,0.0,1.0,0.0,0.9873819643122921,0.0,-0.5,-0.3333333333333333,-0.16666666666666674,0.0
145.0,1.0,0.6,-1.0,0.19999999999999996,0.0,-1.0,0.0,-1.0,0.5,0.0,1.0853828231182447,0.0,-0.3333333333333333,0.0,0.16666666666666674,-1.0
146.0,1.0,0.6,-1.0,0.19999999999999996,0.0,0.0,0.0,-1.0,0.5,0.0,1.108357628765792,0.0,-0.25,0.25,0.5,0.0
147.0,1.0,0.6,-1.0,-0.19999999999999996,0.0,-1.0,0.0,-1.0,-0.6666666666666666,0.0,1.2108238938909865,0.0,-0.4,0.2,-1.6,0.0
148.0,1.0,0.6,-1.0,-0.19999999999999996,0.0,-1.0,0.0,-1.0,-1.0,0.0,1.2458866544789762,0.0,-0.2,0.2,-1.2,0.0
149.0,1.0,0.6,-1.0,0.19999999999999996,0.0,-1.0,0.0,-1.0,-0.6666666666666666,0.0,1.3329910007136765,0.0,-0.2,0.2,-1.4,0.0
150.0,1.0,0.6,-1.0,0.19999999999999996,0.0,-1.0,0.0,-1.0,-0.6666666666666666,0.0,1.249707860002682,0.0,-0.2,0.2,-1.6,0.0
151.0,1.0,0.6,-1.0,-0.19999999999999996,-1.0,-3.0,0.0,-1.0,-0.6666666666666666,0.0,1.2378026449643946,0.0,-0.4,0.0,-1.6,-0.6666666666666666
152.0,1.0,0.6,-1.0,-0.19999999999999996,-1.0,-3.0,0.0,-1.0,-0.6666666666666666,0.0,1.341030427478066,0.0,-0.2,0.0,-1.6,-0.6666666666666666
153.0,1.0,0.75,-1.0,-0.19999999999999996,-1.0,-3.0,0.0,0.0,-0.6666666666666666,0.0,1.1164354010382598,0.0,-0.25,-1.0,0.0,-0.6666666666666666
154.0,1.0,0.75,-1.0,-0.6000000000000001,-1.0,-4.0,0.0,0.0,-1.0,0.0,1.0170916676099155,0.0,-0.3333333333333333,-0.5,-0.5,-0.75
155.0,1.0,0.75,-0.6666666666666667,-0.19999999999999996,-1.0,-2.0,0.0,0.0,0.0,0.0,0.9204647144135529,0.0,-0.16666666666666669,-0.3333333333333333,-0.33333333333333326,0.33333333333333337
156.0,1.0,0.75,-0.5,0.19999999999999996,0.0,0.0,0.0,0.0,0.0,0.0,0.8938995875259438,0.0,0.25,-0.25,-0.25,0.0
157.0,1.0,0.75,0.4,0.6000000000000001,0.0,2.0,0.0,0.0,1.0,0.0,0.7834368530020704,0.0,0.2,-0.2,1.6,0.0
158.0,1.0,0.5,-0.5,0.19999999999999996,0.0,2.0,0.0,0.0,1.0,0.0,0.8455309734513275,0.0,-0.75,0.0,-0.5,0.0
159.0,1.0,0.5,-0.33333333333333337,0.19999999999999996,0.0,2.0,0.0,0.0,1.0,0.0,0.9581218091608543,0.0,-0.16666666666666669,0.0,-0.33333333333333326,0.0
160.0,1.0,0.5,-0.5,-0.19999999999999996,0.0,1.0,0.0,0.0,0.0,0.0,1.0803701732397029,0.0,-0.3333333333333333,0.3333333333333333,-0.5,0.0
161.0,1.0,0.5,-1.0,-0.6000000000000001,0.0,0.0,0.0,0.0,0.0,0.0,1.1818788169331138,0.0,-0.25,0.25,-1.0,0.0
162.0,1.0,0.6666666666666666,-1.0,-1.0,0.0,-1.0,0.0,1.0,0.0,0.0,1.1346793349168647,0.0,-0.25,0.25,-2.0,-1.0
163.0,1.0,0.6666666666666666,-0.5,-0.6000000000000001,0.0,0.0,0.0,1.0,1.0,0.0,0.9264829411426269,0.0,0.0,-0.16666666666666669,-1.5,0.0
164.0,1.0,0.6666666666666666,-0.33333333333333337,-0.6000000000000001,0.0,1.0,0.0,2.0,0.5,0.0,0.8599979561745426,0.0,0.0,0.16666666666666669,-1.6666666666666667,1.0
165.0,1.0,0.6666666666666666,-0.25,-0.19999999999999996,0.0,1.0,0.0,2.0,0.6666666666666666,0.0,0.9087568737495125,0.0,0.25,-0.25,-1.75,1.0
166.0,1.0,0.6666666666666666,0.6,0.19999999999999996,0.0,1.0,0.0,2.0,0.6666666666666666,0.0,0.8218686903850171,0.0,0.2,-0.4,0.4,1.0
167.0,1.0,0.6666666666666666,0.8,0.6000000000000001,0.0,1.0,0.0,1.0,0.6666666666666666,0.0,0.8095382421108931,0.0,0.2,-0.6,0.8,1.0
168.0,1.0,0.25,-0.25,0.6000000000000001,0.0,0.0,0.0,0.0,0.5,0.0,0.9323233880708245,0.0,0.25,-0.5,-0.25,0.0
169.0,1.0,0.25,-0.33333333333333337,0.6000000000000001,0.0,0.0,0.0,-1.0,1.0,0.0,0.9213571695217554,0.0,0.3333333333333333,-0.16666666666666663,0.0,0.0
170.0,1.0,0.25,-0.16666666666666663,0.6000000000000001,0.0,0.0,0.0,-2.0,0.0,0.0,0.9067638395264896,0.0,0.0,-0.6666666666666667,0.8333333333333334,0.0
171.0,1.0,0.25,0.5,0.6000000000000001,0.0,0.0,0.0,-2.0,1.0,0.0,0.9284149252755158,0.0,0.0,-0.75,1.5,0.0
172.0,1.0,0.25,-0.6,0.19999999999999996,0.0,0.0,0.0,-2.0,1.0,0.0,1.0605358861038179,0.0,0.0,0.4,-0.8,0.0
173.0,1.0,0.25,-0.4,-0.19999999999999996,0.0,0.0,0.0,0.0,1.0,0.0,0.9041075788097493,0.0,0.0,0.4,-0.6,0.0
174.0,1.0,0.25,-0.2,0.19999999999999996,0.0,1.0,0.0,0.0,1.0,0.0,0.9191709844559584,0.0,0.0,0.2,-0.8,1.0
175.0,1.0,0.25,-0.4,0.19999999999999996,0.0,1.0,0.0,0.0,1.0,0.3333333333333333,0.94728700117865,0.0,0.0,0.2,-0.8,1.0
176.0,0.6666666666666666,1.0,-0.5,-0.19999999999999996,0.0,1.0,1.0,1.0,0.0,0.3333333333333333,1.064703719340297,0.0,1.0,0.25,1.0,1.0
177.0,0.6666666666666666,1.0,-0.3333333333333333,-0.19999999999999996,0.0,1.0,2.0,2.0,0.0,0.5,0.9777962495949505,0.0,1.0,0.0,0.8333333333333334,1.0
178.0,0.6666666666666666,1.0,-0.16666666666666669,0.19999999999999996,0.0,1.0,2.0,0.0,0.0,1.0,1.0692956089911134,0.0,0.6666666666666666,0.0,0.33333333333333326,1.0
179.0,0.6666666666666666,1.0,-0.75,0.19999999999999996,0.0,0.0,2.0,0.0,0.0,1.0,1.0445538306197146,0.0,0.5,-0.25,1.25,0.0
180.0,0.6666666666666666,1.0,0.4,0.19999999999999996,1.0,1.0,2.0,1.0,0.0,0.0,0.9038962973999851,0.0,0.6,-0.2,1.4,0.0
181.0,0.6666666666666666,1.0,0.6,0.6000000000000001,1.0,1.0,1.0,0.0,0.0,0.0,0.8617216117216115,0.0,0.4,-0.2,1.4,0.0
182.0,0.6666666666666666,0.8333333333333334,-0.25,0.6000000000000001,1.0,0.0,0.0,-1.0,0.0,0.0,0.8531977345074206,0.0,0.25,-0.25,1.5,-1.0
183.0,0.6666666666666666,0.8333333333333334,0.16666666666666663,0.6000000000000001,1.0,0.0,0.0,0.0,0.0,0.0,0.596937982487954,0.0,0.3333333333333333,0.16666666666666669,1.6666666666666667,-1.0
184.0,0.6666666666666666,0.8333333333333334,0.33333333333333337,0.19999999999999996,1.0,0.0,0.0,0.0,0.0,0.0,0.7413373210852382,0.0,0.5,0.3333333333333333,1.3333333333333335,-1.0
185.0,0.6666666666666666,0.8333333333333334,0.25,0.19999999999999996,0.0,-1.0,0.0,0.0,0.0,0.0,0.7925989996615397,0.0,0.0,0.5,1.25,-1.0
186.0,0.6666666666666666,0.8333333333333334,-0.8,-0.19999999999999996,-1.0,-2.0,0.0,0.0,0.0,0.0,0.8005313585205642,0.0,0.0,0.4,-1.0,-0.5
187.0,0.6666666666666666,0.8333333333333334,-0.6,-0.19999999999999996,-1.0,-1.0,0.0,0.0,0.0,0.0,0.8144114105770122,0.0,0.0,0.6,-1.0,0.0
188.0,0.6666666666666666,1.0,-0.75,-0.19999999999999996,-1.0,0.0,0.0,0.0,0.0,0.0,0.996289568275809,0.0,0.0,-0.5,0.75,1.0
189.0,0.6666666666666666,1.0,-0.6666666666666666,-0.19999999999999996,-1.0,0.0,1.0,1.0,0.0,0.0,0.9627824221891831,0.0,0.5,0.16666666666666663,0.5,1.0
190.0,0.6666666666666666,1.0,-0.16666666666666669,-0.19999999999999996,-1.0,0.0,1.0,1.0,0.0,0.0,0.9820048380435423,0.0,0.3333333333333333,0.16666666666666669,0.6666666666666667,1.0
191.0,0.6666666666666666,1.0,0.25,-0.19999999999999996,0.0,0.0,1.0,1.0,0.0,0.0,0.982769898099697,0.0,0.25,0.75,1.5,0.0
192.0,0.6666666666666666,1.0,0.4,0.19999999999999996,0.0,1.0,1.0,1.0,1.0,0.0,0.9050451435658748,0.0,0.4,-0.2,1.6,0.0
193.0,0.6666666666666666,1.0,0.6,0.19999999999999996,0.0,0.0,1.0,1.0,1.0,0.0,0.8999507222273553,0.0,0.4,0.0,1.2,0.0
194.0,0.6666666666666666,0.8,-0.25,0.19999999999999996,0.0,0.0,0.0,0.0,1.0,0.0,0.9683035227396662,0.0,0.25,1.0,-0.75,0.0
195.0,0.6666666666666666,0.8,-0.33333333333333337,-0.19999999999999996,0.0,-1.0,0.0,0.0,0.0,0.0,1.4295205918185356,0.0,0.3333333333333333,0.5,-1.0,0.0
196.0,0.6666666666666666,0.8,0.0,-0.19999999999999996,0.0,-1.0,0.0,0.0,0.0,0.0,1.4331449891091028,0.0,0.16666666666666669,0.6666666666666666,-1.0,0.0
197.0,0.6666666666666666,0.8,0.25,-0.6000000000000001,0.0,-2.0,0.0,0.0,0.0,0.0,1.6510637143167262,0.0,-0.25,0.75,-1.75,-1.0
198.0,0.6666666666666666,1.0,-0.75,-0.6000000000000001,0.0,-1.0,0.0,0.0,-1.0,0.0,1.744185005594927,0.0,-0.25,0.75,-0.75,0.0
199.0,0.6666666666666666,1.0,-0.16666666666666663,-0.19999999999999996,0.0,-1.0,0.0,-1.0,-1.0,0.0,1.6964549483013294,0.0,-0.3333333333333333,0.16666666666666663,-0.16666666666666674,0.0
200.0,0.6666666666666666,1.0,0.16666666666666663,0.19999999999999996,0.0,0.0,0.0,-2.0,-1.0,0.0,1.1170374756788766,0.0,-0.5,0.33333333333333337,0.16666666666666674,0.0
201.0,0.6666666666666666,1.0,0.75,0.6000000000000001,0.0,1.0,0.0,-2.0,0.0,0.0,1.0542893961708395,0.0,0.0,0.5,0.5,1.0
202.0,0.6666666666666666,0.75,0.75,0.6000000000000001,0.0,1.0,0.0,-1.0,0.0,0.0,1.0205192244495565,0.0,0.0,0.5,1.5,1.0
203.0,0.6666666666666666,0.75,0.5,0.6000000000000001,0.0,0.0,0.0,-2.0,0.0,0.0,1.0111787973010131,0.0,0.0,-0.16666666666666663,1.6666666666666667,0.0
204.0,0.6666666666666666,0.75,0.6666666666666667,0.19999999999999996,0.0,0.0,0.0,-1.0,0.0,0.0,1.0137049968259728,0.0,0.0,0.16666666666666663,0.8333333333333334,0.0
205.0,0.6666666666666666,0.75,0.5,-0.19999999999999996,-1.0,-1.0,0.0,0.0,0.0,0.0,1.0490576063513892,0.0,-0.25,0.5,0.0,0.0
206.0,0.6666666666666666,0.75,-0.4,-0.6000000000000001,-1.0,-1.0,0.0,0.0,0.0,0.0,1.0642797068364773,0.0,-0.2,0.6,-1.0,0.0
207.0,0.6666666666666666,1.0,0.5,-0.19999999999999996,-1.0,0.0,0.0,-1.0,0.0,0.0,1.0004723417655086,0.0,0.75,0.5,0.75,1.0
208.0,0.6666666666666666,1.0,0.16666666666666669,-0.19999999999999996,-1.0,0.0,0.0,-1.0,0.0,0.0,0.9906978546927385,0.0,0.16666666666666669,0.16666666666666663,-0.6666666666666667,1.0
209.0,0.6666666666666666,1.0,0.16666666666666663,0.19999999999999996,-1.0,0.0,0.0,-1.0,0.0,0.0,0.888703532077026,0.0,-0.16666666666666669,0.16666666666666669,-0.16666666666666674,1.0
210.0,0.6666666666666666,1.0,0.75,0.6000000000000001,0.0,1.0,0.0,-1.0,0.0,0.0,0.8585899070869012,0.0,0.25,0.75,0.25,1.0
211.0,0.6666666666666666,0.6666666666666666,-0.25,1.0,0.0,1.0,0.0,-2.0,0.0,0.0,0.8413196459663377,0.0,0.25,-0.25,-0.75,1.0
212.0,0.6666666666666666,0.6666666666666666,0.16666666666666663,1.0,0.0,0.0,0.0,-2.0,0.0,0.0,0.9378636257854315,0.0,0.0,0.16666666666666669,0.0,0.0
213.0,0.6666666666666666,0.6666666666666666,0.33333333333333337,0.6000000000000001,-1.0,-1.0,0.0,-1.0,0.0,0.0,0.9610556695295386,0.0,0.0,0.3333333333333333,0.16666666666666674,0.0
214.0,0.6666666666666666,0.6666666666666666,0.25,0.6000000000000001,-1.0,0.0,0.0,-1.0,0.0,0.0,1.4773790951638068,0.0,0.0,0.5,-0.5,1.0
215.0,0.6666666666666666,0.6666666666666666,-0.8,0.6000000000000001,-1.0,0.0,0.0,-1.0,0.0,1.0,1.5751299142474158,0.0,0.0,0.6,-1.6,1.0
216.0,0.6666666666666666,0.25,0.25,0.6000000000000001,-1.0,0.0,0.0,0.0,0.0,1.0,1.542324561403509,0.0,1.0,0.75,0.5,1.0
217.0,0.6666666666666666,0.25,0.0,0.6000000000000001,-1.0,0.0,0.0,0.0,0.0,1.0,1.4909851541964387,0.0,0.5,0.16666666666666663,0.0,1.0
218.0,0.6666666666666666,0.25,-0.33333333333333337,0.6000000000000001,0.0,1.0,0.0,0.0,0.0,1.0,1.4270296021289879,0.0,0.3333333333333333,0.33333333333333337,-0.33333333333333326,1.0
219.0,0.6666666666666666,0.25,-0.5,0.6000000000000001,0.0,0.0,0.0,0.0,1.0,1.0,0.9934761839770709,0.0,0.25,0.5,-0.25,0.0
220.0,0.6666666666666666,0.25,0.6,0.19999999999999996,0.0,0.0,0.0,0.0,1.0,0.0,0.7553426791277259,0.0,0.4,-0.6,1.8,0.0
221.0,0.6666666666666666,0.25,0.4,-0.19999999999999996,0.0,0.0,0.0,1.0,0.5,0.0,0.8107004429678848,0.0,0.2,-0.6,1.6,0.0
222.0,0.6666666666666666,0.25,0.4,-0.19999999999999996,1.0,1.0,0.0,1.0,0.5,0.0,0.815125250023812,0.0,0.4,-0.4,1.6,0.0
223.0,0.6666666666666666,0.25,0.4,-0.19999999999999996,1.0,1.0,1.0,2.0,0.5,0.0,0.801214682390424,0.0,0.6,-0.2,1.6,0.0
224.0,0.6666666666666666,0.25,0.6,-0.19999999999999996,1.0,1.0,1.0,2.0,0.5,0.0,0.8349267373620358,0.0,0.6,-0.2,1.6,0.0
225.0,0.6666666666666666,0.25,0.6,0.19999999999999996,1.0,1.0,1.0,2.0,0.5,0.0,0.8139911670107052,0.0,0.4,0.0,1.6,0.0
5.0,1.0,1.0,0.4,-0.19999999999999996,0.0,1.0,0.0,1.0,-1.0,0.0,0.7671167509101835,0.0,0.2,-0.8,0.4,1.0
6.0,1.0,1.0,0.6,-0.19999999999999996,0.0,1.0,0.0,2.0,-1.0,0.0,0.7440535462251817,0.0,0.2,-0.8,0.8,1.0
7.0,1.0,1.0,0.6,0.19999999999999996,0.0,2.0,0.0,2.0,-1.0,0.0,0.8384849128424628,0.0,0.4,-0.6,0.8,1.0
8.0,1.0,1.0,0.8,0.6000000000000001,0.0,2.0,0.0,0.0,-1.0,0.0,0.8603254257907542,0.0,0.4,-0.4,1.0,1.0
9.0,1.0,0.8333333333333334,0.75,0.19999999999999996,0.0,1.0,0.0,1.0,-1.0,0.0,0.9283546218313288,0.0,0.5,0.75,0.0,1.0
10.0,1.0,0.8333333333333334,1.0,0.6000000000000001,0.0,1.0,-1.0,-1.0,0.0,0.0,1.0523855807438323,0.0,-0.16666666666666669,0.5,-0.5,1.0
11.0,1.0,0.8333333333333334,0.6666666666666667,0.19999999999999996,0.0,0.0,-1.0,-1.0,-1.0,0.0,1.1759475669325419,0.0,0.16666666666666669,0.3333333333333333,-1.1666666666666667,0.0
12.0,1.0,0.8333333333333334,0.5,-0.19999999999999996,0.0,-2.0,-1.0,-1.0,-1.0,0.0,1.1487999655131536,0.0,-0.5,0.5,-0.75,-1.0
13.0,1.0,0.8333333333333334,-0.4,-0.6000000000000001,0.0,-2.0,-1.0,0.0,-1.0,0.0,1.191750435942148,0.0,-0.6,0.6,-1.8,-1.0
14.0,1.0,1.0,-0.5,-0.19999999999999996,0.0,-2.0,-1.0,-1.0,-1.0,0.0,1.1853932584269664,0.0,-0.75,-0.5,-1.0,-1.0
15.0,1.0,1.0,-0.16666666666666663,-0.19999999999999996,0.0,-2.0,0.0,0.0,-1.0,0.0,1.1868335719085037,0.0,-0.6666666666666666,0.16666666666666663,-0.5,-1.0
16.0,1.0,1.0,0.16666666666666663,0.19999999999999996,0.0,0.0,0.0,0.0,0.5,0.0,0.927478376580173,0.0,-1.0,0.6666666666666667,-0.6666666666666667,0.0
17.0,1.0,1.0,0.5,0.19999999999999996,0.0,0.0,0.0,0.0,1.0,0.0,0.7746793713872832,0.0,-1.0,0.75,-0.75,0.0
18.0,1.0,1.0,0.6,0.19999999999999996,0.0,0.0,0.0,1.0,1.0,0.0,0.7185914287461026,0.0,0.0,-0.2,1.2,0.0
19.0,1.0,1.0,0.8,0.19999999999999996,0.0,1.0,0.0,1.0,1.0,0.0,0.6780543354481858,0.0,0.2,-0.2,1.4,0.0
20.0,1.0,0.8,0.75,0.19999999999999996,0.0,1.0,0.0,0.0,1.0,0.0,0.7599626959360091,0.0,0.25,-0.25,0.25,0.0
21.0,1.0,0.8,0.6666666666666666,0.19999999999999996,0.0,0.0,0.0,-1.0,0.0,0.0,0.951918322231595,0.0,0.3333333333333333,-0.3333333333333333,-0.16666666666666674,0.0
22.0,1.0,0.8,1.0,0.19999999999999996,0.0,1.0,0.0,-1.0,0.0,0.0,1.0129384639491417,0.0,0.5,-0.16666666666666669,0.5,1.0
23.0,1.0,0.8,0.75,0.19999999999999996,0.0,1.0,0.0,-2.0,0.0,0.0,1.1504927188387069,0.0,1.0,-0.5,0.75,1.0
24.0,1.0,0.8,-0.2,-0.19999999999999996,0.0,0.0,0.0,-2.0,0.0,0.0,1.2417493635767747,0.0,0.0,0.4,-1.2,0.0
25.0,1.0,0.8,-0.2,-0.19999999999999996,0.0,0.0,0.0,-2.0,0.0,0.0,1.2244738893219018,0.0,-0.2,0.6,-1.4,0.0
26.0,1.0,0.8,-0.2,-0.6000000000000001,0.0,0.0,0.0,-1.0,0.0,0.0,1.2459529848332678,0.0,-0.2,0.6,-1.2,0.0
27.0,1.0,0.8,-0.2,-0.6000000000000001,0.0,-1.0,0.0,-1.0,0.0,0.0,1.2734350875645157,0.0,-0.4,0.4,-1.6,0.0
28.0,1.0,1.0,1.0,-0.6000000000000001,0.0,-1.0,0.0,-1.0,-0.5,0.0,0.9721791350628284,0.0,-0.5,0.25,-1.5,0.0
29.0,1.0,1.0,0.5,-0.19999999999999996,0.0,-1.0,0.0,-1.0,-0.5,0.0,0.8028485276191698,0.0,-0.6666666666666666,-0.16666666666666669,-1.1666666666666667,0.0
30.0,1.0,1.0,0.6666666666666666,-0.6000000000000001,0.0,-2.0,0.0,0.0,-1.0,0.0,0.7712579452120591,0.0,-0.5,-0.3333333333333333,-0.8333333333333334,-0.5
31.0,1.0,1.0,0.5,-0.19999999999999996,0.0,-2.0,0.0,0.0,0.0,0.0,0.8002489197163993,0.0,-1.0,-0.25,-1.0,-0.5
32.0,1.0,1.0,0.4,0.19999999999999996,0.0,-1.0,0.0,0.0,0.0,0.0,0.8421808678245073,0.0,0.0,-0.2,1.0,-1.0
33.0,1.0,1.0,0.4,0.6000000000000001,0.0,-1.0,0.0,0.0,1.0,0.0,0.7100993012136815,0.0,0.2,-0.4,1.4,-1.0
34.0,1.0,0.75,-0.5,0.6000000000000001,0.0,-1.0,0.0,-1.0,1.0,0.0,0.722175447548582,0.0,0.25,-0.25,0.5,-1.0
35.0,1.0,0.75,-0.16666666666666669,1.0,0.0,1.0,0.0,-1.0,1.0,0.0,0.7414677880715536,0.0,0.3333333333333333,0.16666666666666669,0.16666666666666674,1.0
36.0,1.0,0.75,0.16666666666666669,0.6000000000000001,0.0,1.0,0.0,-1.0,1.0,0.0,0.7426763110307415,0.0,0.16666666666666669,-0.16666666666666669,0.5,1.0
37.0,1.0,0.75,0.5,0.19999999999999996,0.0,1.0,0.0,-1.0,1.0,0.0,0.8140047455839706,0.0,0.5,-0.75,0.75,1.0
38.0,1.0,0.75,-0.6,-0.19999999999999996,0.0,1.0,0.0,-1.0,0.0,0.0,1.4130455363059735,0.0,-0.6,0.2,-1.4,1.0
39.0,1.0,0.75,-0.6,-0.6000000000000001,0.0,1.0,0.0,1.0,0.0,0.0,1.2798130469371518,0.0,-0.6,0.4,-1.6,1.0
40.0,1.0,1.0,-0.75,-1.0,0.0,-1.0,0.0,1.0,0.0,0.0,1.2305590142462124,0.0,-0.75,0.25,-0.5,-1.0
41.0,1.0,1.0,-0.5,-0.6000000000000001,0.0,0.0,0.0,1.0,0.0,0.0,1.1526162571458738,0.0,-0.16666666666666663,0.3333333333333333,-0.5,0.0
42.0,1.0,1.0,-0.33333333333333337,-0.19999999999999996,0.0,0.0,0.0,1.0,0.0,0.0,1.0126732513930516,0.0,0.16666666666666663,0.5,-0.33333333333333326,0.0
43.0,1.0,1.0,-0.5,0.19999999999999996,0.0,0.0,0.0,0.0,0.0,0.0,0.9836899644173951,0.0,0.75,0.75,-0.75,0.0
44.0,1.0,1.0,0.6,0.6000000000000001,0.0,1.0,0.0,-1.0,0.5,0.0,1.0368240721894297,0.0,0.6,-0.2,1.4,0.0
45.0,1.0,0.6666666666666666,-0.25,0.6000000000000001,-1.0,1.0,0.0,-1.0,1.0,0.0,1.008963210702341,0.0,0.75,-0.25,-0.5,1.0
46.0,1.0,0.6666666666666666,0.16666666666666663,0.19999999999999996,-1.0,0.0,0.0,0.0,1.0,0.0,1.0762000463786041,0.0,0.6666666666666666,0.16666666666666669,-0.6666666666666667,1.0
47.0,1.0,0.6666666666666666,-0.16666666666666663,-0.19999999999999996,-1.0,-1.0,0.0,0.0,0.0,0.0,1.0828077582794564,0.0,0.5,-0.16666666666666669,-0.6666666666666667,0.5
48.0,1.0,0.6666666666666666,0.5,-0.19999999999999996,-1.0,0.0,0.0,1.0,0.0,0.0,1.0972113375130614,0.0,0.0,0.25,0.5,0.5
49.0,1.0,0.6666666666666666,-0.6,-0.19999999999999996,-1.0,-1.0,0.0,0.0,-1.0,0.0,1.126350339952028,0.0,0.0,0.2,-1.6,0.5
50.0,1.0,0.6666666666666666,-0.4,-0.19999999999999996,0.0,0.0,0.0,1.0,-1.0,0.0,1.1090228078389404,0.0,0.0,0.2,-1.4,0.0
51.0,1.0,1.0,0.5,-0.19999999999999996,0.0,0.0,0.0,1.0,-1.0,0.0,0.992788596968957,0.0,1.0,0.0,0.75,0.0
52.0,1.0,1.0,0.16666666666666669,-0.19999999999999996,0.0,1.0,0.0,1.0,0.0,0.0,1.0157818435395374,0.0,0.5,-0.5,0.16666666666666674,1.0
53.0,1.0,1.0,0.16666666666666663,-0.19999999999999996,0.0,0.0,0.0,1.0,0.0,0.0,1.0009330571062578,0.0,0.3333333333333333,-0.3333333333333333,-0.16666666666666674,0.0
54.0,1.0,1.0,0.75,-0.19999999999999996,0.0,1.0,0.0,2.0,0.5,0.0,0.9505297272159163,0.0,0.5,-0.25,0.5,1.0
55.0,1.0,1.0,0.8,0.19999999999999996,0.0,1.0,0.0,1.0,0.5,0.0,0.9463996942165768,0.0,0.6,-0.2,1.4,1.0
56.0,1.0,1.0,0.6,0.6000000000000001,0.0,1.0,0.0,-1.0,1.0,0.0,1.0123403419139319,0.0,0.4,-0.2,1.2,1.0
57.0,1.0,0.3333333333333333,-0.25,0.6000000000000001,0.0,1.0,0.0,-1.0,1.0,0.0,1.161897837609644,0.0,0.5,0.0,-0.75,1.0
58.0,1.0,0.3333333333333333,-0.33333333333333337,0.19999999999999996,0.0,1.0,0.0,0.0,1.0,0.0,1.153307027433296,0.0,0.6666666666666666,0.5,-0.6666666666666667,1.0
59.0,1.0,0.3333333333333333,-0.5,-0.19999999999999996,0.0,0.0,0.0,1.0,0.0,0.0,1.0485107182646745,0.0,0.16666666666666669,0.3333333333333333,-1.0,0.0
60.0,1.0,0.3333333333333333,-1.0,-0.19999999999999996,0.0,1.0,0.0,1.0,0.0,0.0,1.0393710475159332,0.0,-0.25,0.25,-0.75,1.0
61.0,1.0,0.3333333333333333,-1.0,-0.19999999999999996,0.0,2.0,0.0,2.0,0.0,0.0,1.0624036504902261,0.0,-0.2,0.2,-1.8,1.0
62.0,1.0,0.3333333333333333,-0.8,0.19999999999999996,0.0,2.0,0.0,1.0,0.0,0.0,1.1311174163080322,0.0,-0.2,0.2,-1.4,1.0
63.0,1.0,0.3333333333333333,-0.8,0.19999999999999996,0.0,1.0,0.0,0.0,0.0,0.0,1.1958407079646018,0.0,-0.4,0.0,-1.4,0.0
64.0,1.0,0.3333333333333333,-0.8,0.19999999999999996,0.0,0.0,0.0,-1.0,-1.0,0.0,1.3073698490003782,0.0,-0.2,0.0,-1.4,0.0
65.0,1.0,1.0,-0.75,-0.19999999999999996,0.0,-1.0,1.0,0.0,-1.0,0.0,1.3563623634135975,0.0,0.75,0.0,-0.5,0.0
66.0,1.0,1.0,-0.6666666666666666,-0.6000000000000001,0.0,-3.0,1.0,0.0,-1.0,0.0,1.2930561280398918,0.0,0.16666666666666669,0.0,-0.8333333333333333,-1.0
67.0,1.0,1.0,-1.0,-0.6000000000000001,0.0,-3.0,1.0,1.0,-1.0,0.0,1.1097647897362795,0.0,0.16666666666666663,-0.3333333333333333,-1.3333333333333335,-1.0
68.0,1.0,1.0,-0.75,-0.19999999999999996,0.0,-2.0,1.0,1.0,0.0,0.0,1.062411184485497,0.0,0.75,-0.25,-1.25,-1.0
69.0,1.0,1.0,0.4,0.19999999999999996,0.0,-1.0,1.0,1.0,0.0,0.0,0.9987922158310311,0.0,0.6,-0.2,1.0,-1.0
70.0,1.0,1.0,0.4,0.6000000000000001,0.0,0.0,0.0,0.0,0.0,0.0,0.9635291368241619,0.0,0.4,-0.2,1.0,0.0
71.0,1.0,0.5,-0.5,0.6000000000000001,0.0,0.0,0.0,0.0,0.0,0.0,0.8973668307001642,0.0,0.5,-0.25,-0.75,0.0
72.0,1.0,0.5,-0.33333333333333337,0.6000000000000001,0.0,0.0,0.0,0.0,0.0,0.0,0.9035764088261832,0.0,0.3333333333333333,0.0,-0.16666666666666674,0.0
73.0,1.0,0.5,-0.5,0.6000000000000001,0.0,0.0,0.0,-1.0,-1.0,0.0,0.9812867132867132,0.0,-0.3333333333333333,0.0,-0.16666666666666674,0.0
74.0,1.0,0.5,-1.0,0.19999999999999996,0.0,0.0,0.0,0.0,-1.0,0.0,0.9840666262305791,0.0,-0.25,0.25,-0.5,0.0
75.0,1.0,0.5,-0.8,-0.19999999999999996,0.0,-2.0,0.0,0.0,-1.0,0.0,0.980502592740327,0.0,-0.2,0.2,-1.4,-1.0
76.0,1.0,0.5,-0.6,-0.19999999999999996,0.0,-1.0,0.0,0.0,0.0,0.0,1.0379631368550963,0.0,-0.2,0.2,-1.2,-1.0
77.0,1.0,1.0,0.5,-0.19999999999999996,0.0,-1.0,0.0,0.0,0.0,0.0,0.9021031169174423,0.0,-0.25,-0.75,-0.25,-1.0
78.0,1.0,1.0,0.5,-0.6000000000000001,0.0,-1.0,0.0,1.0,0.0,0.0,0.8574249427814927,0.0,0.0,-0.75,-0.25,-1.0
79.0,1.0,1.0,0.5,-0.19999999999999996,0.0,0.0,0.0,0.0,0.0,0.0,0.7965025818409487,0.0,0.0,-1.0,-0.5,0.0
80.0,1.0,1.0,0.33333333333333337,-0.19999999999999996,0.0,1.0,0.0,0.0,0.0,0.0,0.7867844051982672,0.0,0.0,-0.5,-0.16666666666666674,1.0
81.0,1.0,1.0,-0.33333333333333337,0.19999999999999996,0.0,2.0,0.0,0.0,0.0,0.0,0.7273413722695227,0.0,0.3333333333333333,-0.3333333333333333,-1.0,0.5
82.0,1.0,1.0,-0.5,-0.19999999999999996,0.0,2.0,0.0,0.0,0.0,0.0,0.7725839508119188,0.0,0.5,0.0,-1.0,0.5
83.0,1.0,1.0,-0.16666666666666663,0.19999999999999996,0.0,2.0,-1.0,-1.0,0.0,0.0,0.7689505659330964,0.0,0.16666666666666669,0.0,-1.0,0.5
84.0,1.0,1.0,0.16666666666666663,0.19999999999999996,0.0,1.0,-1.0,-1.0,0.0,0.0,0.9329839931223646,0.0,0.16666666666666663,0.0,-1.0,0.0
85.0,1.0,1.0,-0.16666666666666669,0.6000000000000001,0.0,1.0,-1.0,-1.0,1.0,0.0,1.4338161729522811,0.0,0.16666666666666663,0.0,-1.6666666666666667,0.0
86.0,1.0,1.0,-0.16666666666666663,0.6000000000000001,0.0,1.0,-1.0,-1.0,1.0,0.0,1.3005490408730427,0.0,0.16666666666666669,0.0,-1.5,1.0
87.0,0.6666666666666666,1.0,0.16666666666666669,1.0,0.0,2.0,-1.0,-1.0,1.0,0.0,1.3361248236953458,0.0,-0.16666666666666663,0.0,-1.5,1.0
88.0,0.6666666666666666,1.0,-0.16666666666666663,0.6000000000000001,0.0,1.0,0.0,0.0,1.0,0.0,1.2972896167098862,0.0,-0.16666666666666663,0.0,-1.1666666666666667,0.0
89.0,0.6666666666666666,1.0,-0.5,0.19999999999999996,0.0,1.0,0.0,0.0,1.0,0.0,1.1357509131360721,0.0,-0.5,0.0,-1.25,0.0
90.0,0.6666666666666666,1.0,-0.6,-0.19999999999999996,0.0,1.0,0.0,0.0,0.0,0.0,1.0219177747658648,0.0,-0.4,0.2,-1.4,0.0
91.0,0.6666666666666666,1.0,-0.4,-0.6000000000000001,0.0,0.0,0.0,0.0,0.0,0.0,1.0709428322331551,0.0,-0.4,0.2,-1.4,0.0
92.0,0.6666666666666666,1.2,-0.5,-0.6000000000000001,0.0,-1.0,0.0,0.0,0.0,0.0,0.9325174071540356,0.0,-0.25,0.25,0.75,-1.0
93.0,0.6666666666666666,1.2,-0.3333333333333333,-0.19999999999999996,0.0,1.0,0.0,0.0,0.0,0.0,0.864838897515528,0.0,0.0,0.3333333333333333,-0.33333333333333326,1.0
94.0,0.6666666666666666,1.2,-0.16666666666666669,0.19999999999999996,0.0,1.0,0.0,0.0,0.0,0.0,0.9260250357009612,0.0,0.3333333333333333,0.5,-0.6666666666666667,1.0
95.0,0.6666666666666666,1.2,0.5,0.6000000000000001,0.0,1.0,0.0,0.0,0.0,0.0,0.906253012214098,0.0,0.25,0.0,-0.75,1.0
96.0,0.6666666666666666,1.0,0.5,0.6000000000000001,0.0,1.0,0.0,0.0,0.0,0.0,0.8755192126781967,0.0,0.25,0.0,0.25,1.0
97.0,0.6666666666666666,1.0,0.6666666666666666,0.19999999999999996,0.0,1.0,0.0,0.0,0.0,0.0,0.9777490116502814,0.0,0.3333333333333333,0.0,0.5,1.0
98.0,0.6666666666666666,1.0,0.6666666666666667,-0.19999999999999996,0.0,0.0,0.0,0.0,0.0,0.0,1.4392935982339954,0.0,0.16666666666666669,0.0,0.5,0.0
99.0,0.6666666666666666,1.0,0.5,-0.19999999999999996,0.0,0.0,0.0,0.0,0.0,0.0,1.3619225349430628,0.0,-0.25,0.0,-0.25,0.0
100.0,0.6666666666666666,1.0,-0.6,-0.6000000000000001,0.0,0.0,0.0,0.0,-0.5,0.0,1.3851081911485912,0.0,-0.2,0.0,-1.2,0.0
101.0,0.6666666666666666,1.25,-0.75,-0.19999999999999996,0.0,0.0,0.0,0.0,0.5,0.0,1.2380192906508696,0.0,-0.25,0.0,-1.25,0.0
102.0,0.6666666666666666,1.25,-0.5,-0.19999999999999996,0.0,0.0,0.0,0.0,0.33333333333333337,0.0,0.986450086823359,0.0,-0.3333333333333333,-0.5,-0.6666666666666667,0.0
103.0,0.6666666666666666,1.25,-0.33333333333333337,0.19999999999999996,0.0,0.0,0.0,0.0,0.33333333333333337,0.0,0.8594141439587969,0.0,0.3333333333333333,-0.3333333333333333,-0.16666666666666674,0.0
104.0,0.6666666666666666,1.25,-0.25,0.19999999999999996,0.0,1.0,0.0,0.0,0.0,0.0,0.8738851446789621,0.0,0.25,-0.25,0.5,1.0
105.0,0.6666666666666666,1.25,0.8,0.19999999999999996,0.0,1.0,0.0,0.0,0.0,0.0,0.8101583342999653,0.0,0.4,-0.2,1.6,1.0
106.0,0.6666666666666666,1.25,1.0,-0.19999999999999996,0.0,1.0,0.0,0.0,0.0,0.0,0.8474012798501639,0.0,0.4,-0.4,1.8,1.0
107.0,0.6666666666666666,1.25,1.0,0.19999999999999996,0.0,1.0,0.0,-1.0,1.0,0.0,0.9485999763042532,0.0,0.4,-0.2,1.4,1.0
108.0,0.6666666666666666,1.25,1.0,0.19999999999999996,0.0,1.0,0.0,-1.0,1.0,0.0,0.9442339136289314,0.0,0.4,-0.4,1.4,1.0
109.0,0.6666666666666666,1.0,0.0,-0.19999999999999996,0.0,-1.0,0.0,-1.0,-1.0,0.0,0.9173846182350432,0.0,0.5,-0.5,-0.75,-1.0
110.0,0.6666666666666666,1.0,0.0,-0.19999999999999996,0.0,-1.0,0.0,-1.0,-1.0,0.0,0.9678319006685768,0.0,-0.16666666666666669,-0.6666666666666666,-0.5,-1.0
111.0,0.6666666666666666,1.0,0.0,-0.19999999999999996,0.0,-1.0,0.0,-1.0,-1.0,0.0,0.9618422129470495,0.0,0.16666666666666669,-0.5,0.0,-1.0
112.0,0.6666666666666666,1.0,0.25,-0.6000000000000001,0.0,-2.0,0.0,0.0,-1.0,0.0,0.9762069922308545,0.0,0.5,-0.75,1.0,-0.5
113.0,0.6666666666666666,1.3333333333333333,0.25,-0.6000000000000001,0.0,-1.0,0.0,0.0,-1.0,0.0,1.0435699523387743,0.0,-0.5,0.25,-1.0,-0.5
114.0,0.6666666666666666,1.3333333333333333,0.33333333333333337,-0.19999999999999996,1.0,1.0,0.0,0.0,0.0,0.0,1.0999531176746369,0.0,-0.6666666666666666,0.3333333333333333,-0.6666666666666666,0.0
115.0,0.6666666666666666,1.3333333333333333,0.5,0.19999999999999996,1.0,2.0,0.0,0.0,1.0,0.0,1.1836065573770491,0.0,-0.5,0.5,-0.5,0.3333333333333333
116.0,0.6666666666666666,1.3333333333333333,0.75,0.6000000000000001,1.0,2.0,0.0,0.0,1.0,0.0,0.7328385899814472,0.0,-1.0,1.0,-1.0,0.3333333333333333
117.0,0.6666666666666666,1.0,-0.25,0.6000000000000001,1.0,3.0,0.0,0.0,1.0,0.0,1.308273381294964,0.0,-1.0,0.0,-2.0,0.3333333333333333
118.0,0.6666666666666666,1.0,-0.33333333333333337,0.19999999999999996,1.0,1.0,0.0,0.0,1.0,0.0,1.1982869379014989,0.0,-1.0,0.0,-1.5,0.5
119.0,0.6666666666666666,1.0,-0.5,-0.19999999999999996,0.0,0.0,0.0,0.0,1.0,0.0,1.2684678016284234,0.0,-0.6666666666666666,0.0,-1.6666666666666667,1.0
120.0,0.6666666666666666,1.0,-1.0,-0.6000000000000001,-1.0,-2.0,0.0,0.0,0.0,0.0,1.2687394722066256,0.0,-0.75,0.0,-1.75,0.0
121.0,0.6666666666666666,1.5,0.0,-0.6000000000000001,-1.0,-2.0,0.0,0.0,0.0,0.0,1.1997564620578958,0.0,-0.75,-1.0,-0.75,0.0
122.0,0.6666666666666666,1.5,0.0,-0.19999999999999996,-1.0,-2.0,0.0,-1.0,0.0,0.0,0.9974368039596959,0.0,-0.6666666666666666,-1.0,-0.6666666666666667,0.0
123.0,0.6666666666666666,1.5,0.0,0.19999999999999996,-1.0,0.0,0.0,-1.0,0.0,0.0,1.0545588655182256,0.0,-0.5,-0.6666666666666666,-0.6666666666666667,1.0
124.0,0.6666666666666666,1.5,0.0,0.19999999999999996,-1.0,0.0,0.0,-1.0,0.0,0.0,0.8790091853636497,0.0,-0.75,-0.5,-0.5,1.0
125.0,0.6666666666666666,1.5,1.0,0.6000000000000001,0.0,1.0,0.0,-1.0,0.0,0.0,0.8985886853578259,0.0,0.4,-0.4,1.2,1.0
126.0,0.6666666666666666,1.0,0.0,0.6000000000000001,0.0,1.0,0.0,-1.0,0.0,0.0,0.9872480602359857,0.0,0.5,-0.25,-0.75,1.0
127.0,0.6666666666666666,1.0,0.0,0.19999999999999996,0.0,0.0,0.0,0.0,-1.0,0.0,0.9857275939043467,0.0,0.6666666666666666,0.0,-0.6666666666666667,0.0
128.0,0.6666666666666666,1.0,0.33333333333333337,0.19999999999999996,0.0,-1.0,-1.0,-1.0,-1.0,0.0,0.9579674908959643,0.0,0.6666666666666667,0.0,-1.0,-1.0
129.0,0.6666666666666666,1.0,0.25,0.19999999999999996,0.0,-1.0,-1.0,-1.0,-1.0,0.0,1.0601177094647498,0.0,0.75,0.0,-2.0,-1.0
130.0,0.6666666666666666,1.0,-0.6,0.19999999999999996,0.0,-1.0,-1.0,-2.0,-0.5,0.0,1.0832564893425334,0.0,-0.2,0.2,-1.6,-1.0
131.0,0.6666666666666666,1.0,-0.4,0.19999999999999996,0.0,0.0,-1.0,-2.0,-0.5,1.0,1.0859444108198704,0.0,-0.2,0.4,-1.6,0.0
132.0,0.6666666666666666,0.3333333333333333,0.75,0.6000000000000001,0.0,1.0,-1.0,-2.0,0.0,1.0,1.2078069842751702,0.0,-0.25,0.5,0.5,1.0
133.0,0.6666666666666666,0.3333333333333333,0.6666666666666667,0.6000000000000001,0.0,1.0,0.0,-1.0,1.0,1.0,1.1977999383160276,0.0,0.5,0.6666666666666666,0.6666666666666667,1.0
134.0,0.6666666666666666,0.3333333333333333,1.0,1.0,0.0,2.0,0.0,-1.0,1.0,1.0,0.9623657831841045,0.0,0.3333333333333333,1.0,0.6666666666666667,1.0
135.0,0.6666666666666666,0.3333333333333333,0.75,0.6000000000000001,0.0,2.0,0.0,0.0,0.6666666666666666,1.0,0.8504717074035413,0.0,0.5,1.0,-0.5,1.0
136.0,0.6666666666666666,0.3333333333333333,0.6,0.6000000000000001,0.0,1.0,0.0,0.0,0.6666666666666666,0.0,0.819132411441561,0.0,0.4,-0.2,1.2,1.0
137.0,0.3333333333333333,1.0,-0.5,0.19999999999999996,0.0,1.0,0.0,0.0,0.6666666666666666,0.0,0.8069795325942911,0.0,-0.5,-0.25,0.0,1.0
138.0,0.3333333333333333,1.0,-0.6666666666666667,-0.19999999999999996,0.0,1.0,0.0,0.0,0.5,0.0,0.9114254531447281,0.0,-0.16666666666666669,0.16666666666666669,-0.8333333333333334,1.0
139.0,0.3333333333333333,1.0,-0.6666666666666666,-0.6000000000000001,0.0,0.0,0.0,0.0,-1.0,0.0,1.14316370324954,0.0,0.16666666666666669,0.16666666666666663,-0.5,0.0
140.0,0.3333333333333333,1.0,-0.5,-0.6000000000000001,0.0,0.0,0.0,0.0,-1.0,0.0,1.2847030637432844,0.0,-0.25,-0.25,-1.0,0.0
141.0,0.3333333333333333,1.2,0.5,-0.6000000000000001,1.0,1.0,0.0,0.0,-1.0,0.0,1.3157452881668976,0.0,0.75,0.75,1.0,0.0
142.0,0.3333333333333333,1.2,0.16666666666666669,-0.19999999999999996,1.0,1.0,0.0,-1.0,-1.0,0.0,1.221586067319983,0.0,0.5,0.5,0.0,0.0
143.0,0.3333333333333333,1.2,0.6666666666666666,0.19999999999999996,1.0,1.0,0.0,-1.0,-1.0,0.0,0.9484959184593874,0.0,0.3333333333333333,0.33333333333333337,0.5,0.0
144.0,0.3333333333333333,1.2,0.5,0.6000000000000001,1.0,2.0,0.0,-1.0,1.0,0.0,0.816617915904936,0.0,0.5,0.5,0.25,0.5
145.0,0.3333333333333333,1.0,-0.5,1.0,1.0,2.0,0.0,-2.0,1.0,0.0,0.8362393817461837,0.0,0.5,-0.5,0.25,0.5
146.0,0.3333333333333333,1.0,-0.6666666666666667,0.6000000000000001,0.0,0.0,0.0,-2.0,0.5,0.0,0.9001685237819756,0.0,-0.16666666666666669,-0.16666666666666663,-0.5,0.0
147.0,0.3333333333333333,1.0,-0.16666666666666663,0.6000000000000001,0.0,0.0,0.0,-1.0,0.5,0.0,0.8993278395929064,0.0,0.16666666666666669,-0.16666666666666669,0.5,0.0
148.0,0.3333333333333333,1.0,-0.75,0.19999999999999996,0.0,-1.0,0.0,-1.0,0.5,0.0,1.029675198850933,0.0,0.75,0.25,1.0,0.0
149.0,0.3333333333333333,1.0,-0.8,-0.19999999999999996,0.0,-3.0,0.0,-1.0,-0.5,0.0,1.176763272634009,0.0,-0.4,0.2,-1.0,-0.6666666666666666
150.0,0.3333333333333333,1.0,-0.8,-0.6000000000000001,0.0,-3.0,0.0,0.0,-1.0,0.0,1.2055573456661424,0.0,-0.6,0.2,-1.2,-0.6666666666666666
151.0,0.3333333333333333,1.25,0.25,-0.19999999999999996,1.0,-1.0,0.0,0.0,0.0,0.0,1.2369844395750704,0.0,0.5,0.0,1.0,-0.5
152.0,0.3333333333333333,1.25,0.0,-0.19999999999999996,1.0,0.0,0.0,0.0,0.0,0.0,1.2928982076428814,0.0,0.33333333333333337,0.0,0.16666666666666674,0.0
153.0,0.3333333333333333,1.25,-0.33333333333333337,0.19999999999999996,1.0,1.0,0.0,0.0,0.0,0.0,1.1502347417840375,0.0,-0.33333333333333337,-0.3333333333333333,-0.16666666666666674,0.5
154.0,0.3333333333333333,1.25,-0.25,0.6000000000000001,2.0,3.0,0.0,0.0,0.0,0.0,1.1745090618561038,0.0,-0.25,-0.25,-0.5,0.3333333333333333
155.0,0.3333333333333333,1.0,0.75,1.0,2.0,3.0,0.0,0.0,1.0,0.0,1.2603534430225471,0.0,0.75,0.75,1.5,0.3333333333333333
156.0,0.3333333333333333,1.0,0.6666666666666666,1.0,1.0,3.0,0.0,0.0,1.0,0.0,1.2593064172608572,0.0,0.6666666666666666,0.16666666666666669,0.8333333333333333,0.6666666666666666
157.0,0.3333333333333333,1.0,0.5,0.6000000000000001,1.0,1.0,0.0,0.0,0.0,0.0,1.5594338995814045,0.0,0.16666666666666669,-0.16666666666666669,0.8333333333333334,-0.5
158.0,0.3333333333333333,1.0,0.75,0.6000000000000001,1.0,2.0,0.0,0.0,0.0,0.0,1.6711994890069253,0.0,0.75,0.25,1.5,-0.33333333333333337
159.0,0.3333333333333333,1.0,-0.4,0.6000000000000001,0.0,1.0,0.0,0.0,0.0,1.0,1.656735958105821,0.0,-0.4,0.4,-0.8,0.0
160.0,0.3333333333333333,0.75,0.5,0.19999999999999996,0.0,1.0,0.0,0.0,-1.0,1.0,1.57162758756009,0.0,-0.5,0.25,0.0,0.0
161.0,0.3333333333333333,0.75,-0.16666666666666663,0.19999999999999996,0.0,0.0,0.0,0.0,-1.0,1.0,1.525231057208595,0.0,-0.6666666666666666,0.3333333333333333,-0.5,0.0
162.0,0.3333333333333333,0.75,-0.6666666666666667,0.6000000000000001,0.0,1.0,0.0,0.0,0.0,1.0,1.2684388787379117,0.0,-0.5,0.16666666666666669,-0.33333333333333337,1.0
163.0,0.3333333333333333,0.75,-0.5,0.6000000000000001,0.0,0.0,0.0,0.0,1.0,1.0,0.9140676946458538,0.0,-1.0,0.5,-1.0,0.0
164.0,0.3333333333333333,0.75,0.6,0.6000000000000001,0.0,1.0,0.0,0.0,1.0,0.0,0.8054557656626269,0.0,0.0,-0.4,0.8,1.0
165.0,0.3333333333333333,0.5,0.5,0.6000000000000001,0.0,0.0,0.0,0.0,0.5,0.0,1.020322675056706,0.0,0.0,0.5,-0.25,0.0
166.0,0.3333333333333333,0.5,0.6666666666666666,0.6000000000000001,0.0,1.0,0.0,0.0,0.5,0.0,0.9274698501644534,0.0,0.0,0.33333333333333337,0.5,0.0
167.0,0.3333333333333333,0.5,1.0,0.19999999999999996,0.0,1.0,0.0,0.0,0.5,0.0,0.955538558334053,0.0,0.0,0.5,0.33333333333333337,0.0
168.0,0.3333333333333333,0.5,1.0,0.19999999999999996,0.0,1.0,0.0,-1.0,0.0,0.0,0.9787282708142727,0.0,0.0,0.75,-0.75,0.0
169.0,0.3333333333333333,0.5,-0.2,-0.19999999999999996,0.0,0.0,0.0,-1.0,0.0,0.0,1.0278993893087196,0.0,-0.2,0.6,-1.0,0.0
170.0,0.3333333333333333,0.5,-0.4,-0.19999999999999996,0.0,1.0,0.0,-1.0,-1.0,0.0,0.9108915351463366,0.0,-0.2,0.4,-1.0,1.0
171.0,0.3333333333333333,0.6666666666666666,-0.5,-0.19999999999999996,0.0,0.0,0.0,-1.0,0.0,0.0,1.0367458505931748,0.0,-0.25,-0.75,-1.25,0.0
172.0,0.3333333333333333,0.6666666666666666,-0.6666666666666666,-0.19999999999999996,0.0,-1.0,0.0,-1.0,0.0,0.0,0.9930746414868433,0.0,-0.3333333333333333,-0.5,-0.8333333333333333,-1.0
173.0,0.3333333333333333,0.6666666666666666,-0.6666666666666667,-0.19999999999999996,0.0,-1.0,0.0,0.0,0.0,0.0,0.9754503329548594,0.0,-0.5,-0.3333333333333333,-1.1666666666666667,-1.0
174.0,0.3333333333333333,0.6666666666666666,-0.5,0.19999999999999996,0.0,0.0,0.0,0.0,0.0,0.0,1.0036733988302746,0.0,0.25,-0.25,-0.75,-1.0
175.0,0.3333333333333333,0.6666666666666666,0.4,0.6000000000000001,0.0,0.0,0.0,0.0,1.0,0.0,1.0058171830638194,0.0,0.2,-0.2,0.4,-1.0
176.0,0.3333333333333333,0.25,-0.5,0.19999999999999996,0.0,0.0,0.0,0.0,0.0,0.0,1.1435902220563539,0.0,0.25,0.0,-0.5,-1.0
177.0,0.3333333333333333,0.25,0.16666666666666663,0.6000000000000001,0.0,2.0,0.0,0.0,0.0,0.0,1.145167304484349,0.0,0.3333333333333333,0.0,-0.6666666666666667,0.5
178.0,0.3333333333333333,0.25,-0.16666666666666663,0.6000000000000001,0.0,2.0,0.0,-1.0,0.0,0.0,1.1401843215634022,0.0,0.5,0.3333333333333333,-0.5,0.5
179.0,0.3333333333333333,0.25,-0.5,0.19999999999999996,0.0,1.0,0.0,-1.0,0.0,0.0,1.2014618865297602,0.0,0.0,0.25,0.25,1.0
180.0,0.3333333333333333,0.25,-0.4,0.19999999999999996,0.0,1.0,0.0,-1.0,0.0,0.0,1.2136139256949858,0.0,-0.2,0.4,-0.6,1.0
181.0,0.3333333333333333,0.25,-0.4,0.19999999999999996,0.0,1.0,0.0,-1.0,1.0,0.0,1.1703890937720134,0.0,-0.2,0.6,-0.8,1.0
182.0,0.3333333333333333,0.25,-0.6,-0.19999999999999996,0.0,-1.0,0.0,-1.0,-1.0,0.0,1.2585237916822782,0.0,-0.2,0.6,-1.0,-1.0
183.0,0.3333333333333333,0.25,-0.6,-0.6000000000000001,0.0,-1.0,0.0,0.0,-1.0,0.0,1.310951623074382,0.0,-0.4,0.4,-1.2,-1.0
184.0,0.3333333333333333,0.3333333333333333,0.25,-0.19999999999999996,0.0,-1.0,0.0,0.0,0.0,0.0,0.9366096161456271,0.0,-0.5,0.5,-0.5,-1.0
185.0,0.3333333333333333,0.3333333333333333,-0.5,-0.19999999999999996,0.0,-1.0,0.0,0.0,0.0,0.0,0.8560453523604731,0.0,-0.3333333333333333,0.3333333333333333,-1.0,-1.0
186.0,0.3333333333333333,0.3333333333333333,-0.33333333333333337,0.19999999999999996,0.0,-1.0,0.0,0.0,0.0,0.0,0.8017889159733274,0.0,-0.5,0.0,-0.6666666666666667,-1.0
187.0,0.3333333333333333,0.3333333333333333,-0.5,0.19999999999999996,0.0,0.0,1.0,1.0,1.0,0.0,0.7159377220750694,0.0,-0.75,0.0,-1.0,0.0
188.0,0.3333333333333333,0.3333333333333333,0.6,0.19999999999999996,0.0,0.0,1.0,1.0,0.0,0.0,0.7619524486367749,0.0,0.2,0.0,1.2,0.0
189.0,0.3333333333333333,0.3333333333333333,0.4,0.19999999999999996,0.0,0.0,1.0,1.0,0.0,0.0,0.8101976774399872,0.0,0.2,-0.2,1.2,0.0
5.0,1.0,0.8333333333333334,-0.25,0.6000000000000001,0.0,1.0,0.0,0.0,1.0,0.0,1.218914704506471,0.0,0.5,0.5,0.0,1.0
6.0,1.0,0.8333333333333334,-0.33333333333333337,0.19999999999999996,0.0,1.0,0.0,0.0,0.0,0.0,1.1792220703367713,0.0,0.3333333333333333,-0.16666666666666663,0.5,1.0
7.0,1.0,0.8333333333333334,0.33333333333333337,0.19999999999999996,0.0,1.0,0.0,1.0,0.0,0.0,1.216024247619631,0.0,0.5,0.16666666666666663,0.6666666666666667,1.0
8.0,1.0,0.8333333333333334,0.25,-0.19999999999999996,-1.0,-1.0,0.0,1.0,0.0,0.0,1.2061889084116613,0.0,0.0,-0.5,0.5,0.0
9.0,1.0,0.8333333333333334,-0.8,-0.6000000000000001,-1.0,-1.0,0.0,1.0,0.0,0.0,1.2088177296406395,0.0,-0.2,0.4,-1.6,0.0
10.0,1.0,1.0,0.25,-0.19999999999999996,-1.0,-1.0,0.0,0.0,0.0,0.0,1.228598807495741,0.0,-0.25,0.25,-0.5,0.0
11.0,1.0,1.0,0.33333333333333337,-0.19999999999999996,-1.0,-1.0,0.0,1.0,0.0,0.0,1.1748362560743717,0.0,-0.3333333333333333,0.3333333333333333,-0.16666666666666674,0.0
12.0,1.0,1.0,0.0,-0.19999999999999996,-1.0,-1.0,0.0,1.0,-1.0,0.0,1.1639810426540285,0.0,-0.5,0.0,-0.33333333333333326,0.0
13.0,1.0,1.0,-0.25,-0.19999999999999996,0.0,0.0,0.0,1.0,-1.0,0.0,0.9468511708117765,0.0,-1.0,-0.25,-0.5,0.0
14.0,1.0,1.0,0.8,0.19999999999999996,0.0,0.0,0.0,0.0,0.0,0.0,0.8888273215033855,0.0,0.0,-0.4,1.4,0.0
15.0,1.0,1.0,0.8,-0.19999999999999996,0.0,-1.0,0.0,0.0,0.0,0.0,0.8241029309082238,0.0,0.2,-0.4,1.6,-1.0
16.0,1.0,1.0,0.6,0.19999999999999996,0.0,-1.0,0.0,-1.0,0.0,0.0,0.7675193035346232,0.0,0.2,-0.4,1.6,-1.0
17.0,1.0,1.0,0.6,-0.19999999999999996,0.0,-2.0,0.0,-1.0,0.0,0.0,0.8174555521144741,0.0,0.2,-0.6,1.6,-1.0
18.0,1.0,1.0,0.8,0.19999999999999996,0.0,-2.0,0.0,-1.0,1.0,0.0,0.8784704566256483,0.0,0.2,-0.4,1.8,-1.0
19.0,1.0,1.0,0.6,0.19999999999999996,0.0,-2.0,0.0,0.0,1.0,0.0,0.8473854705090985,0.0,0.2,-0.4,1.8,-1.0
20.0,1.0,0.8,-0.5,0.6000000000000001,0.0,0.0,0.0,0.0,1.0,0.0,0.9453278475851588,0.0,0.0,0.5,-0.25,0.0
21.0,1.0,0.8,-0.33333333333333337,0.19999999999999996,0.0,-1.0,0.0,0.0,0.5,0.0,1.106831016840106,0.0,-0.5,-0.16666666666666663,-0.33333333333333326,0.0
22.0,1.0,0.8,-0.5,0.19999999999999996,0.0,0.0,0.0,0.0,0.5,0.0,1.1585742932919336,0.0,-0.3333333333333333,0.16666666666666663,-0.5,0.0
23.0,1.0,0.8,-0.75,-0.19999999999999996,0.0,-1.0,0.0,0.0,-0.5,0.0,1.1585333502497088,0.0,-0.5,-0.5,-1.0,0.0
24.0,1.0,0.8,-0.8,-0.19999999999999996,0.0,-1.0,0.0,0.0,-0.5,0.0,1.2548346849656893,0.0,-0.4,0.6,-1.8,0.0
25.0,1.0,0.8,-0.6,-0.6000000000000001,0.0,-3.0,0.0,0.0,-1.0,0.0,1.416962483469061,0.0,-0.4,0.6,-1.8,-1.0
26.0,1.0,1.0,-0.5,-0.6000000000000001,0.0,-2.0,0.0,0.0,0.0,0.0,1.136519184427988,0.0,-0.25,-0.25,-0.75,-1.0
27.0,1.0,1.0,0.16666666666666669,-0.19999999999999996,0.0,-2.0,0.0,0.0,0.5,0.0,1.1750990804013999,0.0,0.16666666666666669,-0.33333333333333337,-0.16666666666666674,-1.0
28.0,1.0,1.0,0.16666666666666663,0.19999999999999996,0.0,0.0,0.0,0.0,1.0,0.0,0.996639953834269,0.0,0.3333333333333333,0.33333333333333337,0.16666666666666674,0.0
29.0,1.0,1.0,0.5,-0.19999999999999996,0.0,0.0,0.0,1.0,1.0,0.0,0.954995530733999,0.0,0.5,0.25,-0.25,0.0
30.0,1.0,1.0,0.6,0.19999999999999996,0.0,2.0,0.0,1.0,1.0,0.0,0.8995016665258945,0.0,0.4,-0.6,1.6,1.0
31.0,1.0,1.0,0.8,0.6000000000000001,0.0,3.0,0.0,1.0,1.0,0.0,0.8735629567236551,0.0,0.4,-0.4,1.8,1.0
32.0,1.0,0.75,-0.25,0.19999999999999996,0.0,2.0,0.0,1.0,1.0,0.0,0.8741081577037374,0.0,-0.75,-0.25,-0.25,0.0
33.0,1.0,0.75,0.16666666666666663,0.19999999999999996,0.0,1.0,0.0,1.0,1.0,0.0,0.9532726948457285,0.0,-0.16666666666666669,-0.3333333333333333,0.16666666666666674,0.0
34.0,1.0,0.75,0.6666666666666667,0.6000000000000001,0.0,1.0,0.0,0.0,1.0,0.0,1.0438746402138157,0.0,-0.3333333333333333,0.0,0.16666666666666674,0.0
35.0,1.0,0.75,0.5,0.19999999999999996,0.0,0.0,0.0,0.0,1.0,0.0,1.1103203255485596,0.0,-0.25,0.0,0.5,0.0
36.0,1.0,0.75,-0.4,-0.19999999999999996,0.0,-1.0,0.0,1.0,1.0,0.0,1.155853674267521,0.0,-0.2,0.0,-1.2,-1.0
37.0,1.0,0.75,-0.4,-0.19999999999999996,0.0,0.0,0.0,1.0,1.0,0.0,1.1447378487274953,0.0,0.0,0.0,-1.2,0.0
38.0,1.0,1.0,0.5,-0.6000000000000001,0.0,0.0,0.0,2.0,1.0,0.0,1.1532110660181547,0.0,1.0,0.0,0.75,0.0
39.0,1.0,1.0,0.33333333333333337,-0.6000000000000001,0.0,1.0,0.0,2.0,1.0,0.0,1.1763578573431803,0.0,0.5,0.0,0.6666666666666667,1.0
40.0,1.0,1.0,0.16666666666666663,-0.19999999999999996,0.0,1.0,0.0,2.0,1.0,0.0,0.9479790026246719,0.0,0.3333333333333333,0.0,0.6666666666666667,1.0
41.0,1.0,1.0,-0.25,0.19999999999999996,0.0,2.0,0.0,1.0,1.0,0.0,0.9380346382369052,0.0,0.25,0.0,-0.75,1.0
42.0,1.0,1.0,0.8,0.6000000000000001,0.0,2.0,0.0,0.0,1.0,0.0,0.8841945974397051,0.0,0.2,0.0,1.4,1.0
43.0,1.0,0.6666666666666666,0.75,1.0,0.0,2.0,0.0,-2.0,1.0,0.0,1.0031755797016222,0.0,0.0,1.0,1.25,1.0
44.0,1.0,0.6666666666666666,0.16666666666666663,0.6000000000000001,0.0,1.0,0.0,-2.0,0.5,0.0,0.9922670237717415,0.0,0.0,0.5,0.0,1.0
45.0,1.0,0.6666666666666666,0.33333333333333337,0.19999999999999996,-1.0,0.0,0.0,-2.0,0.5,0.0,1.2024949044092985,0.0,-0.3333333333333333,0.3333333333333333,-0.33333333333333326,1.0
46.0,1.0,0.6666666666666666,0.25,0.19999999999999996,-1.0,0.0,0.0,-2.0,-0.5,0.0,1.2060273016703738,0.0,-0.25,0.5,0.5,1.0
47.0,1.0,0.6666666666666666,-0.8,0.19999999999999996,-1.0,0.0,0.0,-1.0,0.0,0.0,1.6460327093350762,0.0,-0.2,0.4,-1.6,1.0
48.0,1.0,0.6666666666666666,-0.8,0.19999999999999996,-1.0,0.0,0.0,0.0,0.0,1.0,1.6479643741482233,0.0,-0.2,0.2,-1.8,1.0
49.0,1.0,0.25,-0.75,0.6000000000000001,-1.0,0.0,0.0,0.0,1.0,1.0,1.6582885897336137,0.0,-0.25,0.25,-0.75,1.0
50.0,1.0,0.25,-0.6666666666666666,1.0,0.0,1.0,0.0,0.0,1.0,1.0,1.561961367013373,0.0,0.0,-0.16666666666666669,-1.1666666666666667,1.0
51.0,1.0,0.25,-0.16666666666666669,1.0,0.0,0.0,0.0,0.0,1.0,1.0,1.5882280355380058,0.0,0.0,-0.6666666666666666,-0.8333333333333334,0.0
52.0,1.0,0.25,0.5,1.0,0.0,0.0,0.0,0.0,1.0,1.0,1.0434377722370753,0.0,0.0,-0.75,0.0,0.0
53.0,0.6666666666666666,1.0,-0.5,0.6000000000000001,0.0,-1.0,0.0,0.0,1.0,0.0,1.3941498597569122,0.0,0.0,0.25,-1.0,-1.0
54.0,0.6666666666666666,1.0,0.16666666666666663,0.19999999999999996,0.0,-1.0,0.0,0.0,1.0,0.0,1.2631903733415615,0.0,0.0,0.0,0.0,-1.0
55.0,0.6666666666666666,1.0,0.33333333333333337,-0.19999999999999996,0.0,-1.0,0.0,0.0,1.0,0.0,1.306251909357198,0.0,-0.3333333333333333,-0.33333333333333337,0.5,-1.0
56.0,0.6666666666666666,1.0,0.5,-0.6000000000000001,0.0,-2.0,0.0,0.0,1.0,0.0,1.3507603843534843,0.0,-0.25,-0.5,0.75,-1.0
57.0,0.6666666666666666,1.2,0.5,-0.6000000000000001,0.0,-2.0,0.0,0.0,0.0,0.0,1.2931538789828143,0.0,-0.25,-0.5,-0.25,-1.0
58.0,0.6666666666666666,1.2,0.16666666666666669,-0.6000000000000001,0.0,-1.0,0.0,1.0,0.0,0.0,1.0369299687744813,0.0,0.16666666666666669,-0.16666666666666669,0.5,-1.0
59.0,0.6666666666666666,1.2,0.16666666666666663,-0.19999999999999996,1.0,0.0,0.0,1.0,0.0,0.0,1.0838571230790535,0.0,-0.16666666666666669,-0.3333333333333333,0.16666666666666674,-1.0
60.0,0.6666666666666666,1.2,0.5,-0.19999999999999996,1.0,0.0,0.0,2.0,0.0,0.0,1.063910567390846,0.0,0.25,-0.25,-0.5,-1.0
61.0,0.6666666666666666,1.2,0.4,-0.19999999999999996,1.0,1.0,1.0,3.0,0.0,0.0,0.9927491275688249,0.0,0.4,-0.2,1.4,0.0
62.0,0.6666666666666666,1.2,0.4,-0.19999999999999996,2.0,2.0,1.0,3.0,0.0,0.0,0.8713532867697119,0.0,0.6,0.0,1.6,0.0
63.0,0.6666666666666666,1.2,0.6,0.19999999999999996,2.0,2.0,1.0,2.0,0.0,0.0,1.0237526582692622,0.0,0.4,0.0,1.2,0.0
64.0,0.6666666666666666,1.2,0.6,-0.19999999999999996,1.0,1.0,1.0,2.0,0.0,0.0,1.5772060626870064,0.0,0.4,0.0,1.2,0.0
65.0,0.6666666666666666,1.2,0.8,0.19999999999999996,1.0,2.0,1.0,1.0,0.5,0.0,1.4051518685665025,0.0,0.6,0.0,1.4,0.5
66.0,0.6666666666666666,1.2,1.0,0.6000000000000001,1.0,3.0,0.0,0.0,0.5,0.0,1.303264165058865,0.0,0.4,0.0,1.2,0.6666666666666666
67.0,0.6666666666666666,1.0,1.0,0.19999999999999996,-1.0,1.0,0.0,0.0,0.5,0.0,1.2559074733096083,0.0,-0.75,1.0,-1.0,1.0
68.0,0.6666666666666666,1.0,0.5,0.19999999999999996,-1.0,1.0,0.0,0.0,0.6666666666666666,0.0,1.7702569944935647,0.0,-0.16666666666666669,1.0,-0.6666666666666667,1.0
69.0,0.6666666666666666,1.0,0.6666666666666667,0.6000000000000001,-1.0,1.0,0.0,-1.0,1.0,0.0,1.6104072933933224,0.0,0.16666666666666669,0.6666666666666666,-1.0,1.0
70.0,0.6666666666666666,1.0,0.5,0.6000000000000001,-1.0,0.0,0.0,-2.0,1.0,0.0,1.8101190254094994,0.0,-0.5,0.5,-2.0,1.0
71.0,0.6666666666666666,1.0,-0.6,0.19999999999999996,-1.0,-1.0,0.0,-1.0,1.0,0.0,1.752249213627923,0.0,-0.6,0.4,-2.0,0.0
72.0,0.6666666666666666,1.0,-0.8,0.19999999999999996,0.0,0.0,0.0,0.0,1.0,0.0,1.7290849171216718,0.0,-0.6,0.2,-1.8,0.0
73.0,0.6666666666666666,1.0,-0.6,0.19999999999999996,0.0,0.0,0.0,0.0,1.0,0.0,1.266831272429201,0.0,-0.6,0.0,-1.8,0.0
74.0,0.6666666666666666,1.0,-0.6,0.19999999999999996,0.0,0.0,0.0,1.0,1.0,0.3333333333333333,1.2491827307881465,0.0,-0.6,0.2,-1.6,0.0
75.0,0.6666666666666666,0.8,-0.5,0.19999999999999996,0.0,0.0,0.0,2.0,1.0,0.3333333333333333,1.0344346786843615,0.0,-0.5,0.25,0.5,0.0
76.0,0.6666666666666666,0.8,0.16666666666666669,0.6000000000000001,0.0,0.0,0.0,0.0,1.0,0.5,0.9305945830439659,0.0,-0.3333333333333333,-0.16666666666666669,0.16666666666666674,0.0
77.0,0.6666666666666666,0.8,0.3333333333333333,0.6000000000000001,0.0,0.0,0.0,-1.0,1.0,1.0,0.8821189673754982,0.0,0.3333333333333333,0.16666666666666669,-0.16666666666666674,0.0
78.0,0.6666666666666666,0.8,0.5,0.19999999999999996,0.0,-1.0,0.0,-1.0,0.5,1.0,0.8919434505088836,0.0,0.5,0.75,0.5,-1.0
79.0,0.6666666666666666,0.8,0.6,0.19999999999999996,0.0,-1.0,0.0,-1.0,0.0,0.0,0.8680180496130554,0.0,0.4,-0.4,1.6,-1.0
80.0,0.6666666666666666,0.8,0.8,0.19999999999999996,0.0,-1.0,0.0,-1.0,0.0,0.0,0.9594511144301467,0.0,0.4,-0.4,1.6,-1.0
81.0,0.6666666666666666,0.6,-0.25,-0.19999999999999996,0.0,-1.0,0.0,0.0,0.0,0.0,0.9850860504275185,0.0,0.5,-0.25,-0.25,-1.0
82.0,0.6666666666666666,0.6,0.0,-0.19999999999999996,0.0,-1.0,0.0,0.0,0.0,0.0,1.0332100878478692,0.0,-0.16666666666666669,0.16666666666666669,0.0,-1.0
83.0,0.6666666666666666,0.6,0.0,-0.19999999999999996,0.0,-1.0,0.0,0.0,-1.0,0.0,1.0601407281296913,0.0,-0.6666666666666666,0.16666666666666663,0.0,-1.0
84.0,0.6666666666666666,0.6,0.0,-0.6000000000000001,0.0,-1.0,0.0,0.0,-1.0,0.0,1.1749163507957479,0.0,-0.5,0.75,0.0,-1.0
85.0,0.6666666666666666,0.75,0.0,-0.6000000000000001,0.0,0.0,0.0,0.0,0.0,0.0,1.1935553267667531,0.0,0.5,0.75,-1.0,0.0
86.0,0.6666666666666666,0.75,0.0,-0.19999999999999996,0.0,0.0,0.0,0.0,0.0,0.0,1.1992115770144376,0.0,-0.16666666666666663,1.0,-0.5,0.0
87.0,0.6666666666666666,0.75,0.0,0.19999999999999996,0.0,0.0,0.0,0.0,0.0,0.0,1.2565843163439423,0.0,-0.16666666666666669,1.0,-0.6666666666666667,0.0
88.0,0.6666666666666666,0.75,-0.25,0.6000000000000001,0.0,1.0,0.0,0.0,1.0,0.0,1.2732399352619865,0.0,0.25,1.0,-0.5,1.0
89.0,0.6666666666666666,0.5,-0.25,1.0,0.0,1.0,0.0,-1.0,1.0,0.0,1.338767338767339,0.0,-0.75,1.0,-0.5,1.0
90.0,0.6666666666666666,0.5,-0.33333333333333337,0.6000000000000001,-1.0,-1.0,0.0,-1.0,1.0,0.0,1.696240704568041,0.0,-1.0,0.5,-0.33333333333333326,0.0
91.0,0.6666666666666666,0.5,-0.5,0.19999999999999996,-1.0,-1.0,0.0,-1.0,1.0,0.0,1.676201626427871,0.0,-0.6666666666666666,0.6666666666666666,-0.16666666666666674,0.0
92.0,0.6666666666666666,0.5,-0.75,0.19999999999999996,-1.0,-1.0,0.0,-1.0,1.0,0.0,1.4193846488367035,0.0,-0.5,0.5,0.5,0.0
93.0,0.6666666666666666,0.5,-0.8,-0.19999999999999996,-1.0,-1.0,0.0,0.0,0.0,0.0,1.448778504781447,0.0,-0.4,0.6,-1.6,0.0
94.0,0.6666666666666666,0.5,-0.8,-0.6000000000000001,-1.0,-2.0,0.0,1.0,-1.0,0.0,1.3788049605411496,0.0,-0.2,0.4,-1.6,-0.5
95.0,0.6666666666666666,0.6666666666666666,0.25,-0.19999999999999996,1.0,0.0,0.0,1.0,-1.0,0.0,1.3929387805993103,0.0,0.0,0.5,0.5,-1.0
96.0,0.6666666666666666,0.6666666666666666,0.33333333333333337,0.19999999999999996,1.0,0.0,0.0,1.0,-1.0,0.0,1.3123006691263837,0.0,0.0,0.3333333333333333,-0.16666666666666674,-1.0
97.0,0.6666666666666666,0.6666666666666666,-0.33333333333333337,0.19999999999999996,1.0,1.0,0.0,1.0,0.0,0.0,1.0257535064159953,0.0,0.3333333333333333,0.5,-0.33333333333333326,-0.5
98.0,0.6666666666666666,0.6666666666666666,-0.25,0.6000000000000001,1.0,1.0,0.0,0.0,0.0,0.0,0.8909377186843945,0.0,0.25,0.0,-0.25,-0.5
99.0,0.6666666666666666,0.25,-0.25,1.0,1.0,2.0,0.0,-1.0,1.0,0.0,0.872358052875764,0.0,0.25,0.0,0.75,0.5
100.0,0.6666666666666666,0.25,-0.33333333333333337,1.0,0.0,2.0,0.0,-1.0,1.0,0.0,0.8606799538099308,0.0,-0.16666666666666669,0.5,0.6666666666666667,1.0
101.0,0.6666666666666666,0.25,-0.16666666666666663,1.0,0.0,3.0,0.0,-1.0,1.0,0.0,0.9899325241985899,0.0,0.16666666666666669,0.3333333333333333,1.0,1.0
102.0,0.6666666666666666,0.25,0.25,0.6000000000000001,0.0,2.0,0.0,-1.0,1.0,0.0,1.187231681703499,0.0,-0.5,0.5,0.75,1.0
103.0,0.6666666666666666,0.25,-0.8,0.19999999999999996,0.0,2.0,0.0,-1.0,1.0,0.0,1.180906890008506,0.0,-0.4,0.6,-1.2,1.0
104.0,0.6666666666666666,0.25,-0.6,0.19999999999999996,0.0,2.0,0.0,0.0,1.0,0.3333333333333333,1.1753147027552078,0.0,-0.4,0.8,-1.0,1.0
105.0,0.3333333333333333,1.0,0.5,0.19999999999999996,0.0,1.0,0.0,-1.0,1.0,0.3333333333333333,1.1505554005023721,0.0,-0.25,0.75,0.0,1.0
106.0,0.3333333333333333,1.0,0.33333333333333337,0.19999999999999996,0.0,1.0,0.0,-1.0,1.0,0.3333333333333333,1.1079359328532825,0.0,0.16666666666666669,1.0,0.5,1.0
107.0,0.3333333333333333,1.0,0.5,0.6000000000000001,1.0,2.0,0.0,-1.0,1.0,0.5,1.0996823845590031,0.0,0.6666666666666666,1.0,1.1666666666666667,0.5
108.0,0.3333333333333333,1.0,0.75,1.0,1.0,3.0,0.0,-1.0,1.0,1.0,1.0371521451791517,0.0,0.5,1.0,1.25,0.6666666666666666
109.0,0.3333333333333333,0.8333333333333334,0.75,1.0,1.0,3.0,-1.0,-2.0,1.0,0.0,1.0266405719535088,0.0,-0.5,0.0,1.25,0.6666666666666666
110.0,0.3333333333333333,0.8333333333333334,0.16666666666666663,0.6000000000000001,1.0,3.0,-1.0,-1.0,1.0,0.0,1.109757242804151,0.0,0.16666666666666663,0.0,0.33333333333333326,0.6666666666666666
111.0,0.3333333333333333,0.8333333333333334,-0.16666666666666663,0.6000000000000001,1.0,2.0,-1.0,-1.0,0.0,0.0,0.9255114023515082,0.0,0.16666666666666669,0.0,-0.33333333333333326,0.5
112.0,0.3333333333333333,0.8333333333333334,-0.5,0.6000000000000001,0.0,1.0,-2.0,-2.0,0.0,0.0,0.9780428043481201,0.0,-0.5,0.0,-1.25,1.0
113.0,0.3333333333333333,0.8333333333333334,-0.6,0.6000000000000001,0.0,0.0,-2.0,-3.0,0.0,1.0,1.0551268392409803,0.0,-0.4,0.0,-1.4,0.0
114.0,0.3333333333333333,0.6666666666666666,0.25,0.6000000000000001,0.0,1.0,-1.0,-2.0,1.0,1.0,1.2159240278249568,0.0,0.75,0.0,0.25,1.0
115.0,0.3333333333333333,0.6666666666666666,0.33333333333333337,1.0,0.0,1.0,-1.0,-2.0,1.0,1.0,1.270684082188156,0.0,0.16666666666666669,-0.5,-0.16666666666666674,1.0
116.0,0.3333333333333333,0.6666666666666666,0.5,0.6000000000000001,0.0,1.0,-1.0,-2.0,1.0,1.0,1.5317434617802244,0.0,-0.16666666666666669,-0.6666666666666666,-0.5,1.0
117.0,0.3333333333333333,0.6666666666666666,-0.25,0.19999999999999996,0.0,1.0,1.0,0.0,1.0,1.0,1.3923932167858346,0.0,0.5,-0.5,-0.75,1.0
118.0,0.3333333333333333,0.6666666666666666,0.8,0.19999999999999996,0.0,2.0,1.0,1.0,1.0,0.0,1.2142302967608456,0.0,0.6,-0.4,1.4,1.0
119.0,0.3333333333333333,0.6666666666666666,0.8,0.19999999999999996,0.0,1.0,1.0,1.0,1.0,0.0,1.038284118843131,0.0,0.4,-0.6,1.4,1.0
120.0,0.3333333333333333,0.5,-0.25,0.19999999999999996,0.0,1.0,1.0,1.0,1.0,0.0,1.0324808184143224,0.0,0.5,-0.5,0.5,1.0
121.0,0.3333333333333333,0.5,-0.33333333333333337,0.19999999999999996,0.0,0.0,1.0,1.0,0.0,0.0,1.0829769401044465,0.0,0.6666666666666666,-0.3333333333333333,0.5,0.0
122.0,0.3333333333333333,0.5,0.0,0.19999999999999996,-1.0,-1.0,0.0,0.0,0.0,0.0,1.1976650922377685,0.0,0.5,-0.16666666666666669,0.33333333333333326,0.5
123.0,0.3333333333333333,0.5,0.0,-0.19999999999999996,-1.0,-2.0,0.0,0.0,-1.0,0.0,1.3687933464120914,0.0,0.0,-0.5,0.25,-0.5
124.0,0.3333333333333333,0.5,-0.8,-0.19999999999999996,-1.0,-2.0,0.0,-1.0,-1.0,0.0,1.4508182336682311,0.0,0.0,0.6,-1.6,-0.5
125.0,0.3333333333333333,0.5,-0.8,-0.6000000000000001,-1.0,-3.0,0.0,-1.0,-1.0,0.0,1.324755460505557,0.0,-0.2,0.6,-1.8,-0.6666666666666666
126.0,0.3333333333333333,0.6,0.25,-0.6000000000000001,-1.0,-2.0,0.0,0.0,-1.0,0.0,1.1656232910813833,0.0,-0.25,0.75,0.25,-0.5
127.0,0.3333333333333333,0.6,0.33333333333333337,-0.6000000000000001,0.0,-1.0,0.0,1.0,-1.0,0.0,1.1517748053503691,0.0,-0.3333333333333333,0.6666666666666666,-0.16666666666666674,-1.0
128.0,0.3333333333333333,0.6,0.5,-0.6000000000000001,0.0,-1.0,0.0,1.0,-1.0,0.0,1.1043698719213262,0.0,-0.5,0.16666666666666669,-0.16666666666666674,-1.0
129.0,0.3333333333333333,0.6,0.0,-0.6000000000000001,0.0,0.0,0.0,2.0,0.0,0.0,1.0568122118877963,0.0,-1.0,-0.25,-0.5,0.0
130.0,0.3333333333333333,0.6,0.8,-0.6000000000000001,0.0,1.0,1.0,3.0,1.0,-0.5,1.0711819980641237,0.0,0.2,-0.2,1.6,1.0
131.0,0.3333333333333333,0.75,0.75,-0.19999999999999996,0.0,2.0,1.0,2.0,1.0,-0.5,1.008078931688339,0.0,0.25,-0.25,1.5,1.0
132.0,0.3333333333333333,0.75,0.6666666666666666,0.19999999999999996,0.0,3.0,1.0,1.0,1.0,-0.5,0.9960547464809313,0.0,0.3333333333333333,0.16666666666666669,1.1666666666666667,1.0
133.0,0.3333333333333333,0.75,0.5,0.19999999999999996,0.0,3.0,1.0,1.0,0.0,-0.5,1.0023715285728303,0.0,0.16666666666666669,0.3333333333333333,1.0,1.0
134.0,0.3333333333333333,0.75,-0.25,0.19999999999999996,0.0,2.0,1.0,1.0,-1.0,-1.0,0.9896029061756232,0.0,0.75,0.5,1.0,1.0
135.0,0.3333333333333333,0.75,-0.4,0.19999999999999996,0.0,2.0,0.0,0.0,-1.0,0.0,1.1265283030728448,0.0,-0.2,0.4,-1.2,1.0
136.0,0.3333333333333333,0.75,-0.4,-0.19999999999999996,0.0,1.0,0.0,1.0,-1.0,0.0,1.030176971343454,0.0,-0.2,0.6,-1.2,1.0
137.0,0.3333333333333333,0.75,-0.4,-0.19999999999999996,0.0,0.0,-1.0,0.0,-1.0,0.0,1.0425643763604258,0.0,-0.4,0.4,-1.2,0.0
138.0,0.3333333333333333,0.75,-0.6,-0.19999999999999996,0.0,0.0,-1.0,0.0,-1.0,0.0,1.0658619666915325,0.0,-0.4,0.6,-1.2,0.0
139.0,0.3333333333333333,0.75,-0.6,-0.19999999999999996,0.0,0.0,-1.0,0.0,-0.5,0.0,1.0437027270834778,0.0,-0.6,0.6,-1.4,0.0
140.0,0.3333333333333333,0.75,-0.4,-0.19999999999999996,0.0,-1.0,-1.0,0.0,0.0,0.0,1.0679353435272076,0.0,-0.6,0.6,-1.4,-1.0
141.0,0.3333333333333333,0.75,-0.4,0.19999999999999996,0.0,-1.0,-1.0,-1.0,0.0,0.0,1.1854134737122675,0.0,-0.8,0.4,-1.8,-1.0
142.0,0.3333333333333333,0.75,-0.4,0.19999999999999996,0.0,0.0,0.0,0.0,1.0,0.3333333333333333,1.146574170863822,0.0,-0.6,0.6,-1.8,0.0
143.0,0.3333333333333333,0.5,0.75,0.6000000000000001,0.0,0.0,0.0,-1.0,1.0,0.5,1.0755143402884098,0.0,-0.5,-0.5,-0.75,0.0
144.0,0.3333333333333333,0.5,1.0,0.19999999999999996,0.0,0.0,0.0,-1.0,0.5,0.5,1.0993933275039889,0.0,-0.3333333333333333,-0.16666666666666669,-1.1666666666666667,0.0
145.0,0.3333333333333333,0.5,1.0,0.19999999999999996,0.0,0.0,0.0,-1.0,0.5,1.0,0.9090844840228638,0.0,-0.5,0.16666666666666669,-1.1666666666666667,0.0
146.0,0.3333333333333333,0.5,0.75,-0.19999999999999996,0.0,-1.0,0.0,-1.0,-0.5,1.0,0.8813034705699431,0.0,0.25,0.75,-0.25,0.0
147.0,0.3333333333333333,0.5,0.8,-0.6000000000000001,0.0,-2.0,0.0,0.0,-1.0,-1.0,0.8566554753467887,0.0,0.2,-0.2,0.8,-1.0
148.0,0.3333333333333333,0.6666666666666666,0.75,-0.6000000000000001,0.0,-2.0,0.0,1.0,-1.0,-1.0,0.9248110202985304,0.0,0.25,1.0,0.75,-1.0
149.0,0.3333333333333333,0.6666666666666666,0.16666666666666663,-0.6000000000000001,0.0,-3.0,0.0,1.0,-1.0,-1.0,0.9701997358203581,0.0,0.3333333333333333,0.5,0.0,-1.0
150.0,0.3333333333333333,0.6666666666666666,0.16666666666666669,-0.6000000000000001,0.0,-3.0,0.0,1.0,-1.0,-1.0,1.0771643515788976,0.0,0.5,0.3333333333333333,0.8333333333333334,-1.0
151.0,0.3333333333333333,0.6666666666666666,0.75,-0.19999999999999996,0.0,-2.0,-1.0,0.0,-1.0,-1.0,1.2568383578928395,0.0,-0.25,0.25,0.0,-1.0
152.0,0.3333333333333333,0.6666666666666666,-0.2,0.19999999999999996,0.0,-2.0,-1.0,-1.0,-1.0,0.0,1.4863584296573993,0.0,-0.2,0.4,-1.2,-1.0
153.0,0.3333333333333333,0.6666666666666666,-0.2,0.19999999999999996,0.0,-2.0,-1.0,-1.0,-1.0,1.0,1.5507455045754146,0.0,-0.2,0.2,-1.4,-1.0
154.0,0.3333333333333333,0.25,1.0,0.19999999999999996,0.0,-1.0,-1.0,-1.0,-1.0,1.0,1.2763776565732554,0.0,0.75,0.25,0.75,-1.0
155.0,0.3333333333333333,0.25,0.5,0.6000000000000001,0.0,0.0,-1.0,-2.0,0.0,1.0,1.048014182284063,0.0,0.16666666666666669,0.3333333333333333,-0.16666666666666674,0.0
156.0,0.3333333333333333,0.25,0.3333333333333333,0.6000000000000001,0.0,0.0,0.0,-2.0,0.0,1.0,1.0399439752311548,0.0,0.3333333333333333,0.5,-0.16666666666666674,0.0
157.0,0.3333333333333333,0.25,0.5,0.19999999999999996,0.0,-1.0,0.0,-2.0,0.0,1.0,0.993610437881386,0.0,0.25,0.0,0.5,-1.0
158.0,0.3333333333333333,0.25,0.6,0.19999999999999996,0.0,-1.0,0.0,-2.0,0.0,0.0,0.9586145996860284,0.0,0.4,-0.2,1.6,-1.0
159.0,0.3333333333333333,0.25,0.4,0.6000000000000001,0.0,0.0,0.0,-2.0,0.0,0.0,1.0920720964900394,0.0,0.2,-0.4,1.4,0.0
