"[5.0, 3.0, 6.0, 0, 0.4, 0, 0, 0, 0, 0.0, 0, 5.053909090909091, 115.0, 0, 0.4, 0, 0]"
"[6.0, 3.0, 6.0, 0, 0.4, 0, 0, 0, 0, 0.0, 0, 4.890681818181818, 115.4, 0, 0.4, 0, 0]"
"[7.0, 3.0, 6.0, 0, 0.4, 0, 0, 0, 0, 0.0, 0, 5.378272727272727, 113.6, 0, 0.6, 0, 0]"
"[8.0, 3.0, 6.0, 0, 0.4, 0, 1, 0, 0, 0.5, 0, 4.857541666666667, 110.6, 0, 0.4, 0, 1.0]"
"[9.0, 3.0, 6.0, 0, 0.4, 0, 1, 0, 0, 1.0, 0, 3.6413333333333333, 110.2, 0, 0.4, 0, 1.0]"
"[10.0, 3.0, 6.0, 0, 0.4, 0, 1, 0, 0, 1.0, 0, 4.188999999999999, 109.8, 0, 0.4, 0, 1.0]"
"[11.0, 3.0, 6.0, 1.0, 0.4, 1, 2, 0, 0, 1.0, 0, 4.420190476190476, 112.8, 1.0, 0.5, 2.0, 0.5]"
"[12.0, 3.0, 6.0, 1.0, 0.4, 1, 2, 0, 0, 1.0, 0, 3.8852916666666673, 117.0, 0.5, 0.3333333333333333, 2.0, 0.5]"
"[13.0, 3.0, 6.0, 1.0, 0.2, 1, 1, 0, 1, 0, 0, 4.263909090909092, 120.0, 0.3333333333333333, 0.5, 2.0, 0.0]"
"[14.0, 3.0, 6.0, 1.0, 0.4, 1, 2, 0, 1, 0, 0, 4.240222222222222, 120.0, 0.25, 0.0, 2.0, 0.5]"
"[15.0, 3.0, 6.0, 1.0, 0.6, 1, 2, 0, 1, 0, 0, 3.6524285714285716, 124.0, 0.2, 0, 2.0, 0.5]"
"[16.0, 3.0, 6.0, 0.8, 0.4, 0, 1, 0, 1, 0, 0, 3.3684000000000003, 121.0, 0.0, 0, 1.8, 1.0]"
"[17.0, 3.0, 6.0, 0.8, 0.6, 0, 1, 0, 1, 0, 0, 3.1484166666666673, 119.8, 0.0, 0, 1.6, 1.0]"
"[18.0, 3.0, 6.0, 0.8, 0.8, 0, 2, 0, 0, 1.0, 0, 3.249909090909091, 119.0, 0.0, 0, 1.6, 1.0]"
"[19.0, 3.0, 5.0, 0.75, 0.6, 0, 1, 0, 0, 1.0, 0, 3.301111111111111, 118.6, 0.0, 0.0, 1.5, 1.0]"
"[20.0, 3.0, 5.0, 0.6666666666666666, 0.4, 0, 1, 0, 0, 1.0, 0, 4.786846153846154, 118.0, 0.0, 0.5, 1.3333333333333333, 1.0]"
"[21.0, 3.0, 5.0, 1.0, 0.6, 0, 1, 0, 0, 1.0, 0, 5.287692307692307, 121.4, 0.0, 0.6666666666666666, 1.5, 1.0]"
"[22.0, 3.0, 5.0, 1.0, 0.4, 0, 1, 0, 1, 1.0, 0, 4.580238095238095, 122.0, 0.0, 0.5, 2.0, 1.0]"
"[23.0, 3.0, 5.0, 0, 0.2, 0, 0, 0, 1, 0, 0, 4.424736842105263, 119.4, 0, 0.6, 0, 0]"
"[24.0, 3.0, 5.0, 0.0, 0.4, 0, 0, 0, 1, 0, 0, 4.605238095238096, 115.6, 0.0, 0.75, 1.0, 0]"
"[25.0, 3.0, 5.0, 0.5, 0.6, 0, 0, 0, 1, 0, 0, 3.996315789473684, 112.4, 0.0, 0.6666666666666666, 1.0, 0]"
"[26.0, 3.0, 5.0, 0.6666666666666666, 0.6, 1, 1, 0, 1, 0, 0, 3.6766111111111113, 114.6, 0.0, 0.5, 1.3333333333333333, 0.0]"
"[27.0, 3.0, 5.0, 0.75, 0.8, 1, 2, 0, 0, 0, 0, 3.386416666666667, 114.4, 0.0, 1.0, 1.5, 0.5]"
"[28.0, 3.0, 4.0, 0.75, 0.8, 1, 2, 0, 0, 0, 0, 4.09525, 117.0, 0.0, 0.0, 1.5, 0.5]"
"[29.0, 3.0, 4.0, 1.0, 0.6, 1, 2, 0, 0, 0, 0, 4.2919285714285715, 121.4, 0.0, 0.0, 1.6666666666666667, 0.5]"
"[30.0, 3.0, 4.0, 1.0, 0.4, 1, 2, 0, 0, 0, 0, 4.188142857142857, 121.2, 0.0, 0.0, 2.0, 0.5]"
"[31.0, 3.0, 4.0, 1.0, 0.4, 0, 1, 0, 0, 0, 0, 4.302133333333333, 118.8, 0.0, 0.0, 2.0, 1.0]"
"[32.0, 3.0, 4.0, 0, 0.4, 0, 0, 0, 0, 0, 0, 4.990714285714285, 114.4, 0, 0.2, 0, 0]"
"[33.0, 3.0, 4.0, 0, 0.6, 0, 0, 0, 0, 0, 0, 4.722090909090909, 113.4, 0, 0.4, 0, 0]"
"[34.0, 3.0, 4.0, 0, 0.6, 0, 0, 0, 0, 0, 0, 4.6178, 107.0, 0, 0.6, 0, 0]"
"[35.0, 3.0, 4.0, 0, 0.6, 0, 0, 0, 0, 0, 0, 5.101384615384616, 107.8, 0, 0.8, 0, 0]"
"[36.0, 3.0, 4.0, 1.0, 0.6, 0, 0, 0, 0, 0, 0, 5.45525, 107.2, 1.0, 1.0, 2.0, 0]"
"[37.0, 3.0, 4.0, 0.5, 0.4, 0, 0, 0, 1, 0, 0, 5.14475, 104.4, 0.5, 1.0, 1.5, 0]"
"[38.0, 3.0, 4.0, 0.6666666666666666, 0.4, 0, 0, 0, 1, 0, 0, 5.071066666666667, 107.2, 0.3333333333333333, 1.0, 1.6666666666666667, 0]"
"[39.0, 3.0, 4.0, 0.75, 0.6, 0, 0, 0, 1, 0, 0, 4.825727272727272, 113.2, 0.25, 1.0, 1.25, 0]"
"[40.0, 3.0, 4.0, 0.6, 0.8, 0, 0, 0, 1, 0, 0, 4.379636363636364, 112.6, 0.2, 0, 1.2, 0]"
"[41.0, 3.0, 3.0, 0.5, 0.6, 0, 0, 0, 1, 0.0, 0, 3.9338421052631576, 112.0, 0.0, 0.0, 1.0, 0]"
"[42.0, 3.0, 3.0, 0.6666666666666666, 0.6, 0, 0, 0, 1, 0.0, 0, 4.018, 118.0, 0.0, 0.0, 1.0, 0]"
"[43.0, 3.0, 3.0, 0.5, 0.4, 0, 0, 0, 1, 0.0, 0, 3.8967777777777783, 116.0, 0.0, 0.0, 0.5, 0]"
"[44.0, 3.0, 3.0, 0.0, 0.4, 0, 0, 0, 1, 0.0, 0, 3.747347826086956, 111.4, 0.0, 0.25, 1.0, 0]"
"[45.0, 3.0, 3.0, 0, 0.2, 0, 0, 0, 1, 0.0, 0, 3.9572592592592595, 109.4, 0, 0.4, 0, 0]"
"[46.0, 3.0, 3.0, 1.0, 0.4, 0, 0, 0, 1, 0.0, 0, 4.159052631578947, 114.4, 1.0, 0.5, 2.0, 0]"
"[47.0, 3.0, 3.0, 0.5, 0.4, 0, 0, 1, 1, 0.0, 0, 3.800875, 90.4, 1.0, 0.6666666666666666, 2.0, 0]"
"[48.0, 3.0, 3.0, 0.6666666666666666, 0.6, 1, 1, 1, 1, 0.0, 0, 3.615714285714286, 93.4, 1.0, 1.0, 2.0, 0.0]"
"[49.0, 3.0, 3.0, 0.5, 0.4, 1, 1, 1, 2, 0.0, 0, 3.6014285714285714, 92.8, 0.75, 1.0, 1.75, 0.0]"
"[50.0, 3.0, 3.0, 0.4, 0.4, 1, 1, 1, 2, 0.0, 0, 3.17808, 93.8, 0.6, 0, 1.4, 0.0]"
"[51.0, 3.0, 3.0, 0.2, 0.2, 1, 1, 1, 3, 0.0, 0, 3.1240000000000006, 88.6, 0.4, 0, 1.0, 0.0]"
"[52.0, 3.0, 4.0, 0.25, 0.2, 1, 1, 0, 2, 0.0, 0, 3.1456451612903225, 111.6, 0.25, 1.0, 0.75, 0.0]"
"[53.0, 3.0, 4.0, 0.0, 0.2, 0, 0, 0, 2, 0.0, 0, 3.2559375, 105.6, 0.0, 1.0, 0.3333333333333333, 0]"
"[54.0, 3.0, 4.0, 0.0, 0.2, 0, 0, 0, 1, 0.0, 0, 3.401555555555556, 109.8, 0.0, 1.0, 0.0, 0]"
"[55.0, 3.0, 4.0, 0.0, 0.4, 0, 0, 0, 1, 0, 0, 3.2792000000000003, 111.6, 0.0, 0.75, 0.0, 0]"
"[56.0, 3.0, 4.0, 0, 0.4, 0, 0, 0, 0, 0, 0, 3.4655, 116.2, 0, 0.6, 0, 0]"
"[57.0, 3.0, 4.0, 0, 0.6, 0, 0, 0, 0, 0, 0, 3.456769230769231, 115.8, 0, 0.4, 0, 0]"
"[58.0, 3.0, 4.0, 0, 0.4, 0, 0, 0, 0, 0.0, 0, 3.7313888888888886, 118.6, 0, 0.4, 0, 0]"
"[59.0, 3.0, 4.0, 0, 0.6, 0, 1, 0, 0, 0.5, 0, 3.762428571428571, 111.8, 0, 0.2, 0, 1.0]"
"[60.0, 3.0, 4.0, 0, 0.6, 0, 2, 0, 0, 0.6666666666666666, 0, 3.944347826086957, 113.4, 0, 0.4, 0, 1.0]"
"[61.0, 3.0, 4.0, 0, 0.6, 0, 2, 0, 0, 0.6666666666666666, 0.0, 3.9800000000000004, 111.8, 0, 0.4, 0, 1.0]"
"[62.0, 3.0, 4.0, 0, 0.4, 0, 2, 0, 0, 0.6666666666666666, 0.0, 3.943192307692308, 115.2, 0, 0.4, 0, 1.0]"
"[63.0, 3.0, 4.0, 0, 0.4, 0, 2, 0, 1, 1.0, 0.0, 4.199, 118.8, 0, 0.2, 0, 1.0]"
"[64.0, 3.0, 6.0, 1.0, 0.4, 1, 2, 0, 1, 1.0, 0.0, 3.961, 125.8, 0.0, 0.25, 2.0, 0.5]"
"[65.0, 3.0, 6.0, 1.0, 0.4, 2, 2, 0, 1, 0, 0.0, 3.7651428571428576, 124.6, 0.0, 0.0, 2.0, 0.0]"
"[66.0, 3.0, 6.0, 1.0, 0.6, 2, 2, 0, 1, 1.0, 0, 3.533875, 125.0, 0.0, 0.0, 1.3333333333333333, 0.0]"
"[67.0, 3.0, 6.0, 1.0, 0.8, 2, 2, 0, 1, 1.0, 0, 3.9502500000000005, 123.4, 0.25, 0.0, 1.5, 0.0]"
"[68.0, 3.0, 5.0, 1.0, 0.8, 2, 2, 0, 0, 1.0, 0, 2.1685000000000003, 122.4, 0.25, 0.0, 1.5, 0.0]"
"[69.0, 3.0, 5.0, 1.0, 0.6, 1, 1, 0, 0, 1.0, 0, 2.6471666666666667, 118.2, 0.3333333333333333, 0.0, 1.3333333333333333, 0.0]"
"[70.0, 3.0, 5.0, 1.0, 0.6, 0, 1, 0, 0, 1.0, 0, 2.6885714285714286, 117.0, 0.5, 0.3333333333333333, 1.0, 1.0]"
"[71.0, 3.0, 5.0, 1.0, 0.6, 0, 1, 0, 0, 0, 0, 3.065166666666667, 116.0, 1.0, 0.5, 2.0, 1.0]"
"[72.0, 3.0, 5.0, 0, 0.4, 0, 1, 0, 0, 0, 0, 2.7991111111111113, 116.8, 0, 0.4, 0, 1.0]"
"[73.0, 3.0, 5.0, 0, 0.6, 0, 1, 0, 0, 0, 0, 3.295368421052632, 110.8, 0, 0.4, 0, 1.0]"
"[74.0, 3.0, 5.0, 0, 0.8, 0, 1, 0, 0, 0, 0, 3.40595, 111.4, 0, 0.6, 0, 1.0]"
"[75.0, 3.0, 5.0, 0, 0.8, 0, 0, 0, 0, 0, 1.0, 3.7454, 115.0, 0, 0.4, 0, 0]"
"[76.0, 3.0, 4.0, 1.0, 0.8, 0, 0, 0, 0, 0, 1.0, 4.688000000000001, 116.6, 1.0, 0.25, 2.0, 0]"
"[77.0, 3.0, 4.0, 1.0, 1.0, 0, 0, 0, 0, 0, 1.0, 5.73, 117.0, 1.0, 0.3333333333333333, 2.0, 0]"
"[78.0, 3.0, 4.0, 1.0, 1.0, 0, 1, 0, 0, 0, 1.0, 4.340400000000001, 119.2, 0.6666666666666666, 0.5, 1.6666666666666667, 1.0]"
"[79.0, 3.0, 4.0, 0.75, 1.0, 0, 1, 0, 0, 0, 1.0, 4.628533333333333, 118.4, 0.75, 0.0, 1.75, 1.0]"
"[80.0, 3.0, 3.0, 0.75, 1.0, 0, 1, 0, 0, 0, 0, 4.471956521739131, 113.8, 0.75, 1.0, 1.75, 1.0]"
"[81.0, 3.0, 3.0, 0.6666666666666666, 0.8, 0, 1, 0, 0, 0, 0, 4.546652173913044, 110.8, 0.6666666666666666, 0.5, 1.6666666666666667, 1.0]"
"[82.0, 3.0, 3.0, 0.5, 0.6, 0, 1, 0, 0, 0, 0, 4.106608695652174, 107.2, 0.5, 0.3333333333333333, 1.5, 1.0]"
"[83.0, 3.0, 3.0, 0.0, 0.6, 0, 0, 0, 0, 0, 0, 4.651821428571429, 109.4, 1.0, 0.5, 2.0, 0]"
"[84.0, 3.0, 3.0, 0, 0.6, 0, 1, 0, 0, 1.0, 0, 4.42252, 108.2, 0, 0.4, 0, 1.0]"
"[85.0, 3.0, 3.0, 0, 0.4, 0, 1, 0, 1, 1.0, 0.0, 4.381222222222222, 106.0, 0, 0.2, 0, 1.0]"
"[86.0, 3.0, 3.0, 0, 0.4, 0, 1, 0, 2, 1.0, 0.0, 4.384649999999999, 104.2, 0, 0.2, 0, 1.0]"
"[87.0, 3.0, 3.0, 0, 0.4, 0, 1, 0, 2, 1.0, 0.0, 4.190066666666667, 106.2, 0, 0.4, 0, 1.0]"
"[88.0, 3.0, 3.0, 1.0, 0.4, 0, 2, 0, 2, 1.0, 0.0, 3.7038148148148156, 105.0, 1.0, 0.25, 2.0, 1.0]"
"[89.0, 3.0, 3.0, 1.0, 0.4, 0, 1, 0, 2, 1.0, 0.0, 3.828041666666667, 111.6, 0.5, 0.3333333333333333, 2.0, 1.0]"
"[90.0, 3.0, 3.0, 0.6666666666666666, 0.4, 0, 1, 0, 1, 0.5, 0, 3.5441481481481483, 114.8, 0.3333333333333333, 0.5, 2.0, 1.0]"
"[91.0, 3.0, 3.0, 0.75, 0.4, 0, 1, 0, 1, 0.5, 0, 3.28140625, 120.6, 0.25, 1.0, 1.75, 1.0]"
"[92.0, 3.0, 3.0, 0.8, 0.4, 0, 1, 0, 2, 0.5, 0, 3.182741935483871, 123.4, 0.2, 0, 1.8, 1.0]"
"[93.0, 3.0, 3.0, 0.8, 0.4, 0, 0, 0, 2, 0.6666666666666666, 0, 3.4979032258064513, 125.4, 0.0, 0, 1.4, 0]"
"[94.0, 3.0, 3.0, 0.6, 0.2, 0, 0, 0, 2, 0.5, 0, 3.490775, 121.2, 0.0, 0, 1.4, 0]"
"[95.0, 3.0, 3.0, 0.8, 0.4, 0, 0, 0, 2, 1.0, 0, 3.6823243243243247, 122.6, 0.2, 0, 1.4, 0]"
"[96.0, 3.0, 3.0, 0.8, 0.6, 0, 0, 0, 1, 1.0, 0, 3.7864000000000004, 122.6, 0.2, 0, 1.6, 0]"
"[97.0, 3.0, 3.0, 0.8, 0.8, 0, 1, 0, 0, 1.0, 0, 3.8964, 121.6, 0.2, 0, 1.4, 1.0]"
"[98.0, 3.0, 2.0, 0.75, 0.8, 0, 1, 0, 0, 1.0, 0, 3.958181818181819, 120.0, 0.25, 0.0, 1.75, 1.0]"
"[99.0, 3.0, 2.0, 1.0, 0.8, 0, 1, 0, 0, 1.0, 0, 4.19476923076923, 120.4, 0.3333333333333333, 0.0, 1.6666666666666667, 1.0]"
"[100.0, 3.0, 2.0, 1.0, 0.8, 0, 1, 0, 0, 1.0, 0, 4.002333333333333, 115.0, 0.0, 0.0, 1.5, 1.0]"
"[101.0, 3.0, 2.0, 1.0, 0.6, 0, 1, 0, 0, 1.0, 0, 3.9639166666666665, 114.0, 0.0, 0.0, 1.0, 1.0]"
"[102.0, 3.0, 2.0, 0, 0.4, 0, 0, 0, 0, 0, 0, 6.331625000000001, 109.8, 0, 0.2, 0, 0]"
"[103.0, 3.0, 2.0, 0, 0.4, 0, 1, 0, 0, 0, 0, 5.245749999999999, 106.2, 0, 0.4, 0, 1.0]"
"[104.0, 3.0, 2.0, 0, 0.4, 0, 1, 0, 0, 0, 0, 5.239166666666666, 109.8, 0, 0.4, 0, 1.0]"
"[105.0, 3.0, 2.0, 0, 0.2, 0, 1, 0, 0, 0, 0, 5.248, 115.8, 0, 0.4, 0, 1.0]"
"[106.0, 3.0, 2.0, 1.0, 0.2, 0, 1, 0, 1, 0, 0, 4.939500000000001, 114.2, 0.0, 0.5, 1.0, 1.0]"
"[107.0, 3.0, 2.0, 1.0, 0.4, 0, 1, 0, 1, 0, 0, 4.239636363636364, 118.2, 0.0, 0.3333333333333333, 1.5, 1.0]"
"[108.0, 3.0, 2.0, 1.0, 0.4, 0, 0, 0, 1, 0, 0, 4.198933333333333, 125.2, 0.0, 0.0, 1.6666666666666667, 0]"
"[109.0, 3.0, 2.0, 1.0, 0.6, 0, 1, 0, 1, 1.0, 0, 3.8222, 124.8, 0.25, 0.0, 1.75, 1.0]"
"[110.0, 3.0, 2.0, 1.0, 0.6, 0, 1, 0, 1, 1.0, 0, 4.433375, 122.2, 0.2, 0, 1.8, 1.0]"
"[111.0, 3.0, 2.0, 0.8, 0.6, 0, 1, 0, 1, 0.5, 0, 4.839650000000001, 118.2, 0.2, 0, 1.8, 1.0]"
"[112.0, 3.0, 2.0, 0.6, 0.4, 0, 1, 0, 2, 0.5, 0, 4.44432, 115.6, 0.2, 0, 1.6, 1.0]"
"[113.0, 3.0, 2.0, 0.6, 0.4, 0, 1, 0, 2, 0.5, 0, 4.325086956521739, 113.2, 0.4, 0, 1.6, 1.0]"
"[114.0, 3.0, 2.0, 0.6, 0.4, 0, 1, 0, 2, 0.5, 0, 4.261296296296296, 114.2, 0.2, 0, 1.6, 1.0]"
"[115.0, 3.0, 2.0, 0.6, 0.4, 0, 1, 0, 3, 0.3333333333333333, 0, 3.8876896551724136, 117.4, 0.2, 0, 1.4, 1.0]"
"[116.0, 3.0, 2.0, 0.6, 0.4, 0, 1, 0, 2, 0.3333333333333333, 0, 3.522555555555556, 120.4, 0.4, 0, 1.2, 1.0]"
"[117.0, 3.0, 2.0, 0.8, 0.4, 0, 1, 0, 2, 0.3333333333333333, 0, 3.499666666666667, 123.4, 0.4, 0, 1.2, 1.0]"
"[118.0, 3.0, 2.0, 0.75, 0.2, 0, 1, 0, 2, 0.3333333333333333, 0, 3.400809523809524, 121.2, 0.25, 0.0, 1.0, 1.0]"
"[119.0, 3.0, 2.0, 0.6666666666666666, 0.0, 0, 0, 0, 2, 0.0, 0, 3.2689333333333335, 113.4, 0.3333333333333333, 0.5, 0.6666666666666666, 0]"
"[120.0, 3.0, 2.0, 0.5, 0.0, 0, 0, 0, 2, 0.0, 0, 3.7150000000000003, 108.6, 0.5, 0.6666666666666666, 0.5, 0]"
"[121.0, 3.0, 2.0, 1.0, 0.0, 0, 0, 0, 2, 0.0, 0, 3.8718181818181816, 108.6, 0.0, 0.5, 1.0, 0]"
"[122.0, 3.0, 2.0, 1.0, 0.0, 0, 0, 0, 1, 0.0, 0, 3.9513636363636366, 108.6, 0.0, 0.5, 1.0, 0]"
"[123.0, 3.0, 2.0, 1.0, 0.2, 1, 1, 0, 1, 0.0, 0, 3.6918181818181823, 111.8, 0.0, 0.6666666666666666, 1.5, 0.0]"
"[124.0, 3.0, 2.0, 0.6666666666666666, 0.4, 1, 1, 0, 1, 0.0, 0, 3.6679999999999997, 114.8, 0.0, 0.5, 1.6666666666666667, 0.0]"
"[125.0, 3.0, 2.0, 0.75, 0.6, 2, 2, 0, 0, 0, 0, 3.2807777777777773, 119.4, 0.0, 0.0, 1.75, 0.0]"
"[126.0, 3.0, 2.0, 0.8, 0.8, 2, 2, 0, 0, 0, 0, 3.5525555555555552, 122.0, 0.0, 0, 1.8, 0.0]"
"[127.0, 3.0, 1.0, 0.75, 0.8, 2, 2, 0, 0, 0, 0, 4.3045, 121.4, 0.0, 1.0, 2.0, 0.0]"
"[128.0, 3.0, 1.0, 0.6666666666666666, 0.8, 1, 1, 0, 0, 0, 0, 5.3486153846153845, 120.2, 0.0, 1.0, 2.0, 0.0]"
"[129.0, 3.0, 1.0, 1.0, 0.6, 1, 1, 0, 1, 0, 0, 5.324692307692308, 117.2, 0.0, 0.6666666666666666, 2.0, 0.0]"
"[130.0, 3.0, 1.0, 1.0, 0.4, 0, 0, 0, 1, 0, 0, 6.315263157894737, 115.6, 0.0, 0.5, 2.0, 0]"
"[131.0, 3.0, 1.0, 0, 0.4, 0, 0, 0, 1, 0, 0, 6.5569444444444445, 113.2, 0, 0.4, 0, 0]"
"[132.0, 3.0, 1.0, 0, 0.4, 0, 0, 0, 1, 0, 0, 6.006909090909091, 111.6, 0, 0.2, 0, 0]"
"[133.0, 3.0, 2.0, 1.0, 0.4, 1, 1, 0, 1, 0, 0, 5.685764705882353, 110.0, 1.0, 0.0, 2.0, 0.0]"
"[134.0, 3.0, 2.0, 1.0, 0.6, 1, 1, 0, 0, 0, 0, 5.763588235294117, 118.2, 1.0, 0.0, 1.0, 0.0]"
"[135.0, 3.0, 2.0, 0.6666666666666666, 0.6, 1, 1, 0, 1, 0, 0, 4.287916666666667, 116.2, 0.6666666666666666, 0.0, 1.3333333333333333, 0.0]"
"[136.0, 3.0, 2.0, 0.75, 0.6, 1, 1, 0, 1, 0, 0, 3.9893076923076927, 119.8, 0.75, 0.0, 1.25, 0.0]"
"[137.0, 3.0, 2.0, 0.6, 0.8, 1, 1, 0, 1, 0, 0, 3.6557777777777787, 116.0, 0.6, 0, 1.2, 0.0]"
"[138.0, 3.0, 1.0, 0.5, 0.6, 0, 0, 0, 1, 0, 0, 4.385666666666667, 119.6, 0.5, 1.0, 1.0, 0]"
"[139.0, 3.0, 1.0, 0.3333333333333333, 0.4, 0, 0, 0, 1, 0, 0, 4.2684444444444445, 112.8, 0.3333333333333333, 0.5, 1.3333333333333333, 0]"
"[140.0, 3.0, 1.0, 0.5, 0.4, 0, 0, 0, 0, 0, 0, 3.9947500000000002, 116.2, 0.5, 0.3333333333333333, 1.0, 0]"
"[141.0, 3.0, 1.0, 0.0, 0.2, 0, 0, 0, 0, 0.0, 0, 7.64525, 115.6, 0.0, 0.25, 1.0, 0]"
"[142.0, 3.0, 1.0, 1.0, 0.2, 0, 0, 0, 0, 0.0, 0, 4.9274545454545455, 121.2, 0.0, 0.25, 2.0, 0]"
"[143.0, 3.0, 1.0, 1.0, 0.2, 0, 0, 0, 0, 0.0, 0, 4.842909090909091, 120.8, 0.0, 0.25, 2.0, 0]"
"[144.0, 3.0, 1.0, 1.0, 0.2, 0, 0, 0, 0, 0.0, 0, 4.401411764705882, 121.2, 0.0, 0.25, 2.0, 0]"
"[145.0, 3.0, 1.0, 1.0, 0.4, 0, 1, 0, 0, 0.0, 0, 4.515411764705882, 122.4, 0.5, 0.3333333333333333, 2.0, 0.0]"
"[146.0, 3.0, 1.0, 1.0, 0.6, 1, 2, 0, 0, 0, 0, 3.61525, 122.6, 0.6666666666666666, 0.5, 2.0, 0.0]"
"[147.0, 3.0, 1.0, 1.0, 0.4, 1, 2, 0, 0, 0, 0, 3.9089090909090913, 120.8, 1.0, 0.3333333333333333, 2.0, 0.0]"
"[148.0, 3.0, 1.0, 1.0, 0.4, 1, 2, 0, 0, 0, 0, 4.055545454545455, 117.6, 1.0, 0.3333333333333333, 2.0, 0.0]"
"[149.0, 3.0, 1.0, 1.0, 0.6, 1, 2, 0, 0, 0, 0, 5.1071, 123.0, 0.6666666666666666, 0.5, 1.3333333333333333, 0.0]"
"[150.0, 3.0, 1.0, 0.6666666666666666, 0.6, 1, 1, 0, 0, 0, 0, 4.7835, 118.2, 0.3333333333333333, 0.5, 0.6666666666666666, 0.0]"
"[151.0, 3.0, 1.0, 0.5, 0.4, 0, 0, 0, 0, 0.0, 0, 5.012625, 118.2, 0.0, 0.3333333333333333, 0.0, 0]"
"[152.0, 3.0, 1.0, 0.5, 0.4, 0, 0, 0, 0, 0.0, 0, 4.6494285714285715, 120.2, 0.0, 0.3333333333333333, 0.0, 0]"
"[153.0, 3.0, 1.0, 0.6666666666666666, 0.6, 0, 0, 0, 0, 0.5, 0, 4.4596875, 123.8, 0.3333333333333333, 0.0, 0.6666666666666666, 0]"
"[154.0, 3.0, 1.0, 0.6666666666666666, 0.6, 0, 0, 0, 0, 0.5, 0, 4.1951875, 124.0, 0.3333333333333333, 0.0, 1.3333333333333333, 0]"
"[155.0, 3.0, 1.0, 1.0, 0.6, 0, 0, 0, 0, 0.5, 0, 4.370529411764706, 127.6, 0.5, 0.0, 2.0, 0]"
"[156.0, 3.0, 6.0, 1.0, 0.6, 0, 0, 0, 1, 1.0, 0, 4.956473684210526, 120.8, 0.5, 0.3333333333333333, 2.0, 0]"
"[157.0, 3.0, 6.0, 1.0, 0.8, 0, 0, 0, 1, 1.0, 0, 5.59505, 114.2, 0.5, 0.3333333333333333, 2.0, 0]"
"[158.0, 3.0, 6.0, 1.0, 0.6, 0, 0, 0, 1, 1.0, 0, 5.6125, 113.6, 0.0, 0.25, 2.0, 0]"
"[159.0, 3.0, 6.0, 0, 0.6, 0, 0, 0, 1, 1.0, 0, 6.077058823529412, 88.0, 0, 0.2, 0, 0]"
"[160.0, 3.0, 6.0, 0, 0.4, 0, 0, 0, 1, 1.0, 0, 6.385857142857142, 86.2, 0, 0.4, 0, 0]"
"[161.0, 3.0, 6.0, 0, 0.4, 0, 0, 0, 0, 1.0, 0, 7.2052499999999995, 89.6, 0, 0.2, 0, 0]"
"[162.0, 3.0, 6.0, 1.0, 0.2, 0, 0, 0, 0, 0, 0, 5.4807500000000005, 95.6, 0.0, 0.25, 2.0, 0]"
"[163.0, 3.0, 6.0, 1.0, 0.4, 0, 0, 0, 0, 1.0, 0, 5.697416666666666, 96.4, 0.0, 0.3333333333333333, 2.0, 0]"
"[164.0, 3.0, 6.0, 0.6666666666666666, 0.4, 0, 1, 0, 0, 1.0, 0, 5.478466666666667, 118.2, 0.0, 0.5, 1.3333333333333333, 1.0]"
"[165.0, 3.0, 6.0, 0.75, 0.4, 0, 1, 0, 0, 1.0, 0, 5.18375, 121.2, 0.0, 0.0, 1.25, 1.0]"
"[166.0, 3.0, 6.0, 0.8, 0.4, 0, 1, 0, 1, 0.5, 0, 4.302526315789473, 124.6, 0.0, 0, 1.4, 1.0]"
"[167.0, 3.0, 6.0, 0.8, 0.6, 0, 2, 0, 1, 0.6666666666666666, 0, 4.224285714285714, 124.8, 0.2, 0, 1.4, 1.0]"
"[168.0, 3.0, 6.0, 0.6, 0.4, 0, 2, 0, 2, 0.5, 0, 3.9101333333333335, 121.6, 0.2, 0, 1.2, 1.0]"
"[169.0, 3.0, 6.0, 0.8, 0.4, 0, 1, 0, 2, 0.5, 0, 3.5363076923076924, 125.8, 0.4, 0, 1.6, 1.0]"
"[170.0, 3.0, 6.0, 0.8, 0.6, 0, 2, 0, 2, 0.5, 0, 3.327785714285714, 123.8, 0.4, 0, 1.6, 1.0]"
"[171.0, 3.0, 6.0, 0.6, 0.6, 0, 2, 1, 2, 1.0, 0, 3.8637, 97.8, 0.6, 0, 1.2, 1.0]"
"[172.0, 3.0, 6.0, 0.6, 0.6, 0, 1, 1, 2, 0, 0, 3.944625, 98.2, 0.6, 0, 1.2, 1.0]"
"[173.0, 3.0, 6.0, 0.8, 0.8, 0, 2, 1, 1, 1.0, 0, 3.6136363636363638, 101.0, 0.6, 0, 1.4, 1.0]"
"[174.0, 3.0, 5.0, 0.75, 0.6, 0, 2, 1, 1, 1.0, 0, 3.686941176470588, 93.4, 0.5, 0.0, 1.25, 1.0]"
"[175.0, 3.0, 5.0, 0.6666666666666666, 0.4, 0, 1, 1, 1, 1.0, 0, 4.385764705882353, 92.6, 0.6666666666666666, 0.0, 1.3333333333333333, 1.0]"
"[176.0, 3.0, 5.0, 1.0, 0.6, 0, 2, 0, 0, 1.0, 0, 4.386347826086956, 118.0, 0.5, 0.3333333333333333, 2.0, 1.0]"
"[177.0, 3.0, 5.0, 1.0, 0.6, 0, 2, 0, 0, 1.0, 0, 4.300807692307692, 111.2, 0.0, 0.25, 2.0, 1.0]"
"[178.0, 3.0, 5.0, 0, 0.4, 0, 1, 0, 1, 0, 0, 4.526583333333333, 106.4, 0, 0.4, 0, 1.0]"
"[179.0, 3.0, 5.0, 0, 0.4, 0, 1, 0, 1, 0, 0, 5.689388888888889, 112.4, 0, 0.6, 0, 1.0]"
"[180.0, 3.0, 5.0, 0.0, 0.4, 0, 1, 0, 2, 0.0, 0, 5.691470588235294, 111.2, 0.0, 0.75, 0.0, 1.0]"
"[181.0, 3.0, 5.0, 0.5, 0.2, 0, 0, 0, 2, 0.0, 0, 5.205411764705882, 111.6, 0.5, 0.6666666666666666, 0.5, 0]"
"[182.0, 3.0, 5.0, 0.3333333333333333, 0.2, 0, 0, 0, 2, 0.0, 0, 5.35375, 113.8, 0.6666666666666666, 1.0, 0.3333333333333333, 0]"
"[183.0, 3.0, 5.0, 0.5, 0.2, 0, 0, 0, 2, 0.0, 0, 5.464466666666667, 118.4, 0.5, 1.0, 0.5, 0]"
"[184.0, 3.0, 5.0, 0.6, 0.2, 0, 0, 0, 2, 0.0, 0, 3.9520000000000004, 120.6, 0.4, 0, 0.8, 0]"
"[185.0, 3.0, 5.0, 0.75, 0.2, 0, 0, 0, 1, 0.0, 0, 3.496105263157895, 125.0, 0.5, 0.0, 1.0, 0]"
"[186.0, 3.0, 5.0, 0.6666666666666666, 0.2, 0, 0, 0, 1, 0, 0, 3.2465, 124.6, 0.3333333333333333, 0.5, 1.0, 0]"
"[187.0, 3.0, 5.0, 1.0, 0.0, 0, 0, 0, 2, 0, 0, 3.0637, 124.0, 0.0, 0.3333333333333333, 1.5, 0]"
"[188.0, 3.0, 5.0, 1.0, 0.2, 0, 0, 0, 1, 0, 0, 3.0897222222222225, 98.6, 0.0, 0.25, 2.0, 0]"
"[189.0, 3.0, 5.0, 0, 0.2, 0, 0, 0, 1, 0, 0, 2.6998461538461536, 93.4, 0, 0.2, 0, 0]"
"[190.0, 3.0, 5.0, 0.0, 0.2, 0, 0, 0, 2, 0, 0, 3.1347499999999995, 89.4, 0.0, 0.25, 2.0, 0]"
"[191.0, 3.0, 5.0, 0.5, 0.4, 0, 1, 0, 2, 0, 0, 2.9528124999999994, 88.2, 0.0, 0.0, 2.0, 0.0]"
"[192.0, 3.0, 5.0, 0.3333333333333333, 0.6, 0, 1, 0, 1, 0, 0, 2.880125, 89.0, 0.0, 0.0, 2.0, 0.0]"
"[193.0, 3.0, 5.0, 0.25, 0.4, 0, 1, 0, 1, 0, 0, 3.9537999999999998, 110.0, 0.0, 0.0, 1.75, 0.0]"
"[194.0, 3.0, 5.0, 0.2, 0.6, 0, 2, 0, 1, 0, 0, 3.9224166666666664, 110.8, 0.0, 0, 1.6, 0.5]"
"[195.0, 3.0, 5.0, 0.4, 0.8, 0, 2, 0, 0, 1.0, 0, 4.224, 115.2, 0.0, 0, 1.6, 0.5]"
"[196.0, 3.0, 4.0, 0.25, 0.6, 0, 1, 0, 0, 1.0, 0, 4.723888888888888, 112.4, 0.0, 0.0, 1.5, 1.0]"
"[197.0, 3.0, 4.0, 0.3333333333333333, 0.4, 0, 1, 0, 0, 1.0, 0, 4.966727272727272, 114.4, 0.0, 0.0, 1.3333333333333333, 1.0]"
"[198.0, 3.0, 4.0, 0.5, 0.4, 0, 1, 0, 1, 1.0, 0, 4.353333333333333, 111.4, 0.0, 0.0, 1.5, 1.0]"
"[199.0, 3.0, 4.0, 1.0, 0.2, 0, 0, 0, 1, 1.0, 0, 4.4491, 111.0, 0.0, 0.0, 2.0, 0]"
"[200.0, 3.0, 5.0, 1.0, 0.2, 0, 0, 0, 1, 0, 0, 4.2082999999999995, 109.8, 0.0, 0.0, 2.0, 0]"
"[201.0, 3.0, 5.0, 1.0, 0.2, 0, 0, 0, 2, 0, 0, 3.9492727272727275, 111.6, 0.0, 0.0, 1.5, 0]"
"[202.0, 3.0, 5.0, 1.0, 0.4, 0, 0, 0, 2, 1.0, 0, 4.719941176470589, 111.4, 0.0, 0.0, 1.3333333333333333, 0]"
"[203.0, 3.0, 5.0, 1.0, 0.4, 0, 0, 0, 1, 1.0, 0, 4.461625000000001, 118.8, 0.0, 0.0, 1.25, 0]"
"[204.0, 3.0, 5.0, 1.0, 0.4, 0, 0, 0, 2, 1.0, 0, 4.58362962962963, 119.8, 0.0, 0, 1.2, 0]"
"[205.0, 3.0, 5.0, 1.0, 0.4, 1, 1, 0, 2, 1.0, 0, 4.4474074074074075, 120.0, 0.2, 0, 1.2, 0.0]"
"[206.0, 3.0, 5.0, 1.0, 0.6, 2, 2, 0, 1, 1.0, 0, 4.390615384615385, 119.6, 0.4, 0, 1.4, 0.0]"
"[207.0, 3.0, 5.0, 1.0, 0.6, 3, 3, 0, 1, 0, 0, 3.469, 121.2, 0.4, 0, 1.6, 0.0]"
"[208.0, 3.0, 4.0, 1.0, 0.6, 3, 3, 0, 1, 0, 0, 6.202333333333333, 115.2, 0.5, 0.0, 1.75, 0.0]"
"[209.0, 3.0, 4.0, 1.0, 0.6, 3, 3, 0, 0, 0, 0, 7.5409999999999995, 114.2, 0.6666666666666666, 0.0, 2.0, 0.0]"
"[210.0, 3.0, 4.0, 1.0, 0.4, 2, 2, 0, 1, 0, 0, 7.89525, 107.8, 0.5, 0.3333333333333333, 2.0, 0.0]"
"[211.0, 3.0, 4.0, 1.0, 0.4, 1, 1, 0, 1, 0, 0, 8.668666666666667, 107.4, 0.0, 0.25, 2.0, 0.0]"
"[212.0, 3.0, 4.0, 0, 0.2, 0, 0, 0, 1, 0, 0, 10.124555555555556, 108.2, 0, 0.4, 0, 0]"
"[213.0, 3.0, 6.0, 0.0, 0.2, 0, 0, 0, 2, 0.0, 0, 5.832416666666667, 110.8, 1.0, 0.5, 1.0, 0]"
"[214.0, 3.0, 6.0, 0.0, 0.4, 0, 0, 0, 2, 0.0, 0, 5.410916666666666, 108.6, 0.5, 0.6666666666666666, 1.0, 0]"
"[215.0, 3.0, 6.0, 0.3333333333333333, 0.6, 0, 0, 0, 1, 0.0, 0, 5.684833333333334, 111.4, 0.6666666666666666, 0.5, 1.3333333333333333, 0]"
"[216.0, 3.0, 6.0, 0.5, 0.6, 0, 0, 0, 1, 0.5, 0, 5.526909090909091, 114.6, 0.75, 1.0, 1.5, 0]"
"[217.0, 3.0, 6.0, 0.6, 0.8, 0, 1, 0, 1, 0.5, 0, 4.352181818181818, 114.8, 0.6, 0, 1.6, 0.0]"
"[218.0, 3.0, 5.0, 0.75, 0.8, 0, 1, 0, 0, 1.0, 0, 4.5424999999999995, 117.0, 0.5, 0.0, 1.75, 0.0]"
"[219.0, 3.0, 5.0, 1.0, 0.8, 0, 1, 0, 0, 1.0, 0, 4.4372727272727275, 97.4, 0.6666666666666666, 0.0, 2.0, 0.0]"
"[220.0, 3.0, 5.0, 1.0, 0.8, 0, 1, 0, 0, 1.0, 0, 5.920916666666667, 100.8, 0.5, 0.0, 2.0, 0.0]"
"[221.0, 3.0, 5.0, 1.0, 0.6, 0, 1, 0, 0, 0, 0, 5.85425, 98.6, 0.0, 0.0, 2.0, 0.0]"
"[222.0, 3.0, 5.0, 0, 0.6, 0, 0, 0, 0, 0, 0, 6.815090909090909, 72.8, 0, 0.0, 0, 0]"
"[223.0, 3.0, 5.0, 0, 0.8, 0, 0, 0, 0, 0, 1.0, 6.315714285714285, 67.2, 0, 0.0, 0, 0]"
"[224.0, 3.0, 4.0, 1.0, 0.8, 0, 0, 0, 0, 1.0, 1.0, 5.873882352941176, 92.0, 0.0, 0.0, 1.0, 0]"
"[225.0, 3.0, 4.0, 0.5, 0.6, 0, 0, 0, 0, 1.0, 1.0, 4.5637647058823525, 89.4, 0.0, 0.0, 1.5, 0]"
"[226.0, 3.0, 4.0, 0.6666666666666666, 0.8, 0, 0, 0, 0, 1.0, 1.0, 4.382421052631578, 88.4, 0.0, 0.0, 1.6666666666666667, 0]"
"[227.0, 3.0, 4.0, 0.75, 0.8, 0, 1, 0, 0, 1.0, 1.0, 4.196318181818182, 114.2, 0.0, 0.0, 1.25, 1.0]"
"[228.0, 3.0, 4.0, 0.8, 0.6, 0, 1, 0, 0, 1.0, 0, 4.41355, 118.2, 0.2, 0, 1.4, 1.0]"
"[229.0, 3.0, 4.0, 0.6, 0.4, 0, 1, 0, 1, 1.0, 0, 4.329888888888889, 115.0, 0.2, 0, 1.6, 1.0]"
"[230.0, 3.0, 4.0, 0.8, 0.4, 0, 1, 0, 1, 1.0, 0, 4.691034482758622, 115.8, 0.2, 0, 1.4, 1.0]"
"[231.0, 3.0, 4.0, 0.8, 0.4, 0, 2, 0, 1, 1.0, 0, 4.578322580645161, 119.6, 0.4, 0, 1.4, 1.0]"
"[232.0, 3.0, 4.0, 0.8, 0.4, 0, 1, 0, 1, 1.0, 0, 4.777193548387097, 119.2, 0.4, 0, 1.8, 1.0]"
"[233.0, 3.0, 4.0, 0.8, 0.4, 0, 1, 0, 1, 0.6666666666666666, 0, 4.648962962962963, 120.4, 0.2, 0, 1.8, 1.0]"
"[234.0, 3.0, 4.0, 1.0, 0.6, 0, 2, 0, 0, 0.6666666666666666, 0, 4.4021, 98.8, 0.2, 0, 1.8, 1.0]"
"[235.0, 3.0, 4.0, 1.0, 0.6, 0, 2, 0, 0, 0.5, 0, 3.7021, 101.2, 0.4, 0, 2.0, 1.0]"
"[236.0, 3.0, 4.0, 0.8, 0.4, 0, 1, 0, 1, 0.25, 0, 3.5351578947368423, 96.0, 0.2, 0, 1.8, 1.0]"
"[237.0, 3.0, 4.0, 0.8, 0.4, 1, 2, 0, 1, 0.0, 0, 2.768529411764706, 94.8, 0.4, 0, 1.8, 0.5]"
"[238.0, 3.0, 4.0, 0.6, 0.6, 1, 3, 0, 1, 0.3333333333333333, 0, 3.8992999999999993, 93.0, 0.4, 0, 1.4, 0.6666666666666666]"
"[239.0, 3.0, 4.0, 0.6, 0.4, 1, 2, 0, 1, 0.3333333333333333, 0, 4.221521739130435, 118.6, 0.4, 0, 1.2, 0.5]"
"[240.0, 3.0, 4.0, 0.6, 0.6, 1, 2, 0, 1, 0.5, 0, 4.65835, 115.6, 0.2, 0, 1.2, 0.5]"
"[241.0, 3.0, 4.0, 0.8, 0.8, 1, 2, 0, 0, 1.0, 0, 5.2447647058823526, 118.4, 0.2, 0, 1.4, 0.5]"
"[242.0, 3.0, 3.0, 0.75, 0.6, 0, 1, 0, 0, 1.0, 0, 5.620470588235294, 120.0, 0.0, 0.0, 1.25, 1.0]"
"[243.0, 3.0, 3.0, 1.0, 0.6, 0, 0, 0, 0, 0, 0, 4.486666666666666, 121.4, 0.0, 0.0, 1.6666666666666667, 0]"
"[244.0, 3.0, 3.0, 1.0, 0.8, 0, 0, 0, 0, 0, 0, 5.516500000000001, 95.8, 0.0, 0.0, 2.0, 0]"
"[245.0, 3.0, 3.0, 1.0, 0.8, 0, 0, 0, 0, 0, 0, 4.8988571428571435, 95.4, 0.0, 0.25, 2.0, 0]"
"[246.0, 3.0, 3.0, 0, 0.6, 0, 0, 0, 0, 0, 0.0, 4.957571428571428, 96.8, 0, 0.2, 0, 0]"
"[247.0, 3.0, 3.0, 0, 0.6, 0, 0, 0, 0, 0, 0.0, 5.943999999999999, 93.0, 0, 0.2, 0, 0]"
"[248.0, 3.0, 3.0, 0, 0.4, 0, 0, 0, 0, 0, 0.0, 5.6579999999999995, 91.8, 0, 0.2, 0, 0]"
"[249.0, 3.0, 3.0, 0, 0.2, 0, 0, 0, 1, 0, 0.0, 4.469352941176471, 109.8, 0, 0.2, 0, 0]"
"[250.0, 3.0, 3.0, 1.0, 0.2, 0, 0, 0, 1, 0, 0.0, 4.681125, 110.0, 1.0, 0.0, 2.0, 0]"
"[251.0, 3.0, 3.0, 1.0, 0.2, 0, 0, 0, 2, 0, 0.0, 4.1585882352941175, 110.6, 0.5, 0.0, 1.0, 0]"
"[252.0, 3.0, 3.0, 0.6666666666666666, 0.4, 0, 1, 0, 2, 1.0, 0, 3.1183529411764708, 108.4, 0.3333333333333333, 0.0, 0.6666666666666666, 1.0]"
"[253.0, 3.0, 3.0, 0.75, 0.6, 0, 2, 0, 2, 1.0, 0, 2.9948235294117644, 110.8, 0.25, 0.0, 1.0, 1.0]"
"[254.0, 3.0, 3.0, 0.8, 0.6, 0, 2, 0, 2, 1.0, 0, 2.7391666666666663, 118.4, 0.2, 0, 1.2, 1.0]"
"[255.0, 3.0, 3.0, 0.8, 0.4, 0, 2, 0, 3, 1.0, 0, 2.640266666666667, 122.0, 0.0, 0, 0.8, 1.0]"
"[256.0, 3.0, 3.0, 0.8, 0.6, 0, 2, 0, 2, 1.0, 0, 2.9295625000000003, 122.4, 0.0, 0, 1.2, 1.0]"
"[257.0, 3.0, 3.0, 1.0, 0.6, 1, 2, 0, 2, 0, 0, 2.8312142857142857, 125.8, 0.2, 0, 1.6, 0.5]"
"[258.0, 3.0, 2.0, 1.0, 0.6, 1, 1, 0, 2, 0, 0, 4.247, 101.2, 0.25, 0.0, 1.5, 0.0]"
"[259.0, 3.0, 2.0, 1.0, 0.6, 1, 1, 0, 2, 0, 0, 4.273428571428572, 94.0, 0.3333333333333333, 0.5, 1.3333333333333333, 0.0]"
"[260.0, 3.0, 2.0, 1.0, 0.6, 1, 1, 0, 1, 0, 0, 4.367454545454545, 90.4, 0.5, 0.6666666666666666, 2.0, 0.0]"
"[261.0, 3.0, 2.0, 1.0, 0.4, 1, 1, 0, 1, 0, 0, 5.4507692307692315, 86.8, 1.0, 0.5, 2.0, 0.0]"
"[262.0, 3.0, 2.0, 0, 0.2, 0, 0, 0, 1, 0, 0, 5.3737692307692315, 89.8, 0, 0.4, 0, 0]"
"[263.0, 3.0, 2.0, 1.0, 0.0, 0, 0, 0, 1, 0, 0, 4.350965517241379, 115.0, 0.0, 0.5, 1.0, 0]"
"[264.0, 3.0, 2.0, 0.5, 0.0, 0, 0, 1, 1, 0, 0, 4.719958333333333, 96.6, 0.5, 0.3333333333333333, 1.0, 0]"
"[265.0, 3.0, 2.0, 0.6666666666666666, 0.2, 0, 0, 1, 1, 0, 0, 4.77875, 99.8, 0.6666666666666666, 0.0, 1.0, 0]"
"[266.0, 3.0, 2.0, 0.75, 0.2, 0, 0, 1, 1, 0.0, 0, 4.100428571428571, 103.0, 0.75, 0.0, 1.25, 0]"
"[267.0, 3.0, 2.0, 0.8, 0.4, 0, 1, 1, 1, 0.0, 0, 4.066695652173912, 102.6, 0.8, 0, 1.2, 1.0]"
"[268.0, 3.0, 2.0, 0.8, 0.4, 0, 1, 1, 2, 0.0, 0, 3.7848888888888887, 103.2, 1.0, 0, 1.4, 1.0]"
"[269.0, 3.0, 2.0, 1.0, 0.4, 0, 1, 0, 1, 0.0, 0, 3.3289999999999997, 127.8, 1.0, 1.0, 1.5, 1.0]"
"[270.0, 3.0, 2.0, 1.0, 0.2, 0, 1, 0, 1, 0.0, 0, 3.392777777777778, 120.0, 1.0, 0.5, 1.6666666666666667, 1.0]"
"[271.0, 3.0, 2.0, 1.0, 0.4, 0, 1, 0, 1, 0.0, 0, 3.866875, 94.2, 1.0, 0.3333333333333333, 1.5, 1.0]"
"[272.0, 3.0, 2.0, 1.0, 0.2, 0, 0, 0, 1, 0.0, 0, 4.081071428571429, 91.0, 1.0, 0.25, 2.0, 0]"
"[273.0, 3.0, 2.0, 0, 0.2, 0, 0, 0, 0, 0, 0, 3.9325384615384618, 88.2, 0, 0.2, 0, 0]"
"[274.0, 3.0, 2.0, 1.0, 0.4, 0, 0, 0, 0, 0, 0, 4.358, 85.2, 1.0, 0.0, 2.0, 0]"
"[275.0, 3.0, 2.0, 1.0, 0.4, 0, 0, 0, 1, 0, 0, 4.355625, 91.4, 0.5, 0.0, 2.0, 0]"
"[276.0, 3.0, 2.0, 1.0, 0.4, 1, 1, 0, 1, 0, 0, 3.2658888888888895, 113.4, 0.6666666666666666, 0.0, 2.0, 0.0]"
"[277.0, 3.0, 2.0, 1.0, 0.6, 1, 2, 0, 1, 1.0, 0, 3.040909090909091, 112.8, 0.5, 0.0, 2.0, 0.5]"
"[278.0, 3.0, 2.0, 0.8, 0.8, 1, 2, 0, 1, 1.0, 0, 2.9690588235294118, 110.8, 0.4, 0, 1.8, 0.5]"
"[279.0, 3.0, 1.0, 0.75, 0.6, 1, 2, 0, 1, 1.0, 0, 3.023315789473684, 109.4, 0.25, 0.0, 1.75, 0.5]"
"[280.0, 3.0, 1.0, 0.6666666666666666, 0.6, 1, 2, 0, 1, 1.0, 0, 2.7951666666666664, 103.6, 0.3333333333333333, 0.0, 1.6666666666666667, 0.5]"
"[281.0, 3.0, 1.0, 0.5, 0.6, 0, 1, 0, 1, 1.0, 0, 3.2348095238095236, 106.4, 0.0, 0.0, 1.5, 1.0]"
"[282.0, 3.0, 1.0, 0.0, 0.4, 0, 0, 0, 1, 0, 0, 3.5486896551724136, 108.6, 0.0, 0.25, 1.0, 0]"
"[283.0, 3.0, 1.0, 0, 0.4, 0, 0, 0, 1, 0, 0, 3.5730833333333334, 110.6, 0, 0.2, 0, 0]"
"[284.0, 3.0, 1.0, 0, 0.6, 0, 0, 0, 1, 0, 0, 3.705814814814815, 109.4, 0, 0.2, 0, 0]"
"[285.0, 3.0, 1.0, 0, 0.6, 0, 0, 0, 0, 0, 0, 3.8657407407407414, 116.8, 0, 0.4, 0, 0]"
"[286.0, 3.0, 1.0, 0, 0.4, 0, 0, 0, 0, 0, 0, 3.7637083333333337, 114.6, 0, 0.4, 0, 0]"
"[287.0, 3.0, 2.0, 1.0, 0.6, 0, 0, 0, 0, 0, 0, 3.9364999999999997, 115.4, 1.0, 0.25, 1.0, 0]"
"[288.0, 3.0, 2.0, 0.5, 0.4, 0, 0, 0, 0, 0, 0, 4.366928571428572, 110.8, 0.5, 0.3333333333333333, 1.0, 0]"
"[289.0, 3.0, 2.0, 0.6666666666666666, 0.4, 0, 1, 0, 0, 1.0, 0, 3.635705882352941, 117.8, 0.3333333333333333, 0.5, 1.0, 1.0]"
"[290.0, 3.0, 2.0, 0.75, 0.4, 0, 1, 0, 0, 1.0, 0, 3.282222222222222, 114.6, 0.25, 0.0, 1.25, 1.0]"
"[291.0, 3.0, 2.0, 0.6, 0.4, 0, 1, 0, 1, 0.5, 0, 3.3003043478260876, 114.6, 0.2, 0, 1.2, 1.0]"
"[292.0, 3.0, 2.0, 0.4, 0.2, 0, 1, 0, 1, 0.5, 0, 3.10525, 111.2, 0.0, 0, 1.2, 1.0]"
"[293.0, 3.0, 2.0, 0.5, 0.4, 0, 1, 0, 1, 0.5, 0, 2.9823333333333335, 115.2, 0.0, 1.0, 1.25, 1.0]"
"[294.0, 3.0, 2.0, 0.3333333333333333, 0.2, 0, 0, 0, 1, 0.0, 0, 3.244769230769231, 113.2, 0.0, 0.5, 1.3333333333333333, 0]"
"[295.0, 3.0, 2.0, 0.0, 0.2, 0, 0, 0, 1, 0.0, 0, 4.4032, 111.4, 0.0, 0.3333333333333333, 1.0, 0]"
"[296.0, 3.0, 2.0, 0.0, 0.4, 0, 0, 0, 0, 0.0, 0, 4.659809523809524, 114.8, 0.0, 0.25, 1.0, 0]"
"[297.0, 3.0, 2.0, 0, 0.6, 0, 1, 0, 0, 0.0, 0, 4.58939393939394, 115.8, 0, 0.2, 0, 1.0]"
"[298.0, 3.0, 2.0, 0, 0.4, 0, 1, 0, 0, 0.0, 0.0, 4.86626923076923, 119.2, 0, 0.0, 0, 1.0]"
"[299.0, 3.0, 2.0, 0, 0.4, 0, 1, 0, 0, 0.0, 0.0, 6.316136363636363, 120.8, 0, 0.0, 0, 1.0]"
"[300.0, 3.0, 2.0, 0, 0.4, 0, 1, 0, 0, 0, 0.0, 5.43065, 123.2, 0, 0.0, 0, 1.0]"
